ID,V8,V9,V10,Q1,Q2_1,Q3_1,Q3_2,Q3_3,Q3_4,Q3_5,Q3_6,Q3_7,Q3_8,Q12_1_Group,Q12_2_Group,Q12_3_Group,Q12_4_Group,Q12_5_Group,Q12_6_Group,Q12_7_Group,Q12_8_Group,Q12_9_Group,Q12_10_Group,Q12_11_Group,Q12_12_Group,Q12_13_Group,Q12_14_Group,Q12_15_Group,Q12_23_Group,Q12_16_Group,Q12_17_Group,Q12_18_Group,Q12_19_Group,Q12_20_Group,Q12_21_Group,Q12_22_Group
NA,2011-05-12 00:19:59,2011-05-12 00:36:57,1,1,54,1,NA,NA,NA,1,1,NA,NA,1,1,0,0,1,1,0,2,2,0,2,1,0,1,0,NA,2,1,2,0,0,1,1
NA,2011-05-12 00:38:51,2011-05-12 00:40:12,1,2,NA,NA,NA,NA,NA,NA,NA,NA,NA,NA,NA,NA,NA,NA,NA,NA,NA,NA,NA,NA,NA,NA,NA,NA,NA,NA,NA,NA,NA,NA,NA,NA
NA,2011-05-12 08:39:54,2011-05-12 09:04:14,1,1,80,1,1,1,1,NA,NA,NA,NA,1,NA,NA,1,NA,1,NA,1,2,NA,NA,1,0,1,0,NA,1,NA,0,0,0,NA,NA
NA,2011-05-12 09:12:13,2011-05-12 09:40:05,1,1,20,NA,NA,1,NA,NA,NA,1,NA,2,1,2,1,0,0,2,0,0,1,1,1,0,1,0,NA,0,0,1,1,1,0,1
NA,2011-05-12 10:02:02,2011-05-12 10:12:38,1,1,100,1,1,1,1,NA,NA,NA,NA,1,1,0,0,1,1,1,1,1,1,2,1,0,1,0,NA,1,0,0,0,0,1,2
NA,2011-05-12 09:46:48,2011-05-12 10:32:53,1,1,60,1,1,NA,NA,NA,NA,NA,NA,1,0,2,0,0,2,2,1,0,1,2,1,0,1,0,NA,2,2,0,0,0,2,1
NA,2011-05-12 12:50:58,2011-05-12 12:57:29,1,1,10,1,NA,NA,NA,NA,NA,NA,NA,NA,NA,1,1,NA,NA,NA,NA,NA,1,NA,NA,NA,NA,NA,NA,NA,NA,NA,NA,NA,1,NA
NA,2011-05-12 13:44:52,2011-05-12 13:53:28,1,1,100,1,1,1,NA,NA,1,NA,NA,2,1,0,2,2,2,2,2,2,2,1,1,0,2,0,0,1,1,1,0,0,1,2
NA,2011-05-12 13:49:50,2011-05-12 13:59:58,1,1,85,1,1,1,NA,1,1,NA,NA,2,2,2,1,1,1,0,0,1,0,2,2,1,2,0,2,0,2,0,0,0,0,0
NA,2011-05-12 15:10:21,2011-05-12 15:12:16,1,2,NA,NA,NA,NA,NA,NA,NA,NA,NA,NA,NA,NA,NA,NA,NA,NA,NA,NA,NA,NA,NA,NA,NA,NA,NA,NA,NA,NA,NA,NA,NA,NA
NA,2011-05-12 15:12:30,2011-05-12 15:25:19,1,1,30,1,NA,NA,1,1,1,1,1,2,1,2,0,0,0,2,0,2,1,1,0,0,1,0,2,2,0,0,1,1,0,0
21583,2011-05-16 10:56:28,2011-05-16 11:02:39,1,1,60,1,1,1,NA,NA,NA,NA,NA,2,2,0,0,1,2,1,2,2,0,2,0,0,2,0,2,1,1,0,0,0,0,0
NA,2011-05-16 11:56:19,2011-05-16 11:58:13,1,1,20,1,NA,NA,NA,NA,NA,NA,NA,NA,NA,NA,NA,NA,NA,NA,NA,NA,NA,NA,NA,NA,NA,NA,NA,NA,NA,NA,NA,NA,NA,NA
1266521,2011-05-16 13:54:42,2011-05-16 13:57:15,1,2,NA,NA,NA,NA,NA,NA,NA,NA,NA,NA,NA,NA,NA,NA,NA,NA,NA,NA,NA,NA,NA,NA,NA,NA,NA,NA,NA,NA,NA,NA,NA,NA
871658,2011-05-16 13:55:35,2011-05-16 13:57:19,1,2,NA,NA,NA,NA,NA,NA,NA,NA,NA,NA,NA,NA,NA,NA,NA,NA,NA,NA,NA,NA,NA,NA,NA,NA,NA,NA,NA,NA,NA,NA,NA,NA
1255145,2011-05-16 13:55:51,2011-05-16 13:58:19,1,2,NA,NA,NA,NA,NA,NA,NA,NA,NA,NA,NA,NA,NA,NA,NA,NA,NA,NA,NA,NA,NA,NA,NA,NA,NA,NA,NA,NA,NA,NA,NA,NA
319671,2011-05-16 13:52:05,2011-05-16 13:59:00,1,1,75,1,1,NA,NA,NA,NA,NA,NA,NA,NA,1,1,NA,NA,NA,NA,NA,NA,NA,0,NA,NA,NA,NA,NA,NA,NA,NA,NA,1,NA
1085161,2011-05-16 13:52:51,2011-05-16 13:59:32,1,1,100,1,1,NA,NA,NA,1,NA,NA,2,2,0,0,2,2,1,2,0,2,1,1,1,2,1,2,2,0,0,0,2,0,2
405275,2011-05-16 13:52:46,2011-05-16 14:00:30,1,1,100,1,NA,NA,NA,NA,NA,NA,NA,2,0,0,0,1,1,1,2,0,0,2,1,0,0,0,0,0,1,0,0,1,0,0
1234041,2011-05-16 13:52:35,2011-05-16 14:00:41,1,1,100,1,1,NA,NA,1,1,NA,NA,1,1,0,0,1,0,1,1,1,1,1,0,0,1,0,0,2,0,0,0,0,0,0
284910,2011-05-16 13:53:38,2011-05-16 14:00:49,1,1,95,1,1,1,NA,NA,NA,1,NA,1,2,1,1,1,2,1,1,2,1,2,1,1,1,1,1,0,1,1,1,2,1,2
1275663,2011-05-16 13:53:30,2011-05-16 14:01:13,1,1,100,1,1,1,NA,1,1,1,1,2,2,0,0,2,2,2,2,2,2,2,2,1,2,0,2,1,2,0,0,1,0,1
44483,2011-05-16 13:52:51,2011-05-16 14:01:23,1,1,97,1,1,NA,NA,NA,NA,1,1,NA,NA,NA,0,NA,NA,NA,1,NA,NA,1,1,NA,NA,NA,NA,NA,1,NA,NA,NA,0,NA
1275037,2011-05-16 13:53:28,2011-05-16 14:01:28,1,1,100,NA,NA,NA,1,1,1,1,1,NA,NA,0,1,NA,NA,NA,NA,NA,NA,NA,NA,1,NA,NA,NA,NA,NA,1,NA,1,NA,NA
927033,2011-05-16 13:52:58,2011-05-16 14:02:00,1,1,100,1,NA,NA,NA,NA,1,NA,NA,1,1,2,2,2,2,2,2,2,2,2,2,2,2,2,2,0,2,2,2,2,1,1
1267100,2011-05-16 13:53:06,2011-05-16 14:02:15,1,1,100,1,1,1,1,1,1,NA,NA,1,2,0,1,1,1,1,1,0,1,0,0,0,2,1,1,0,1,0,0,0,2,2
585880,2011-05-16 13:52:37,2011-05-16 14:02:18,1,1,100,1,1,NA,1,1,1,1,1,2,2,0,0,2,2,2,2,2,1,2,2,0,2,0,1,1,0,0,0,0,2,2
57769,2011-05-16 13:54:47,2011-05-16 14:02:27,1,1,100,1,1,1,NA,NA,1,1,1,1,2,2,2,2,2,2,1,2,2,2,2,2,2,2,2,0,2,2,2,2,2,2
528442,2011-05-16 13:54:06,2011-05-16 14:02:44,1,1,10,1,NA,NA,NA,NA,NA,1,1,2,0,0,0,2,2,2,2,1,2,1,2,2,2,2,1,2,2,0,0,0,1,1
498748,2011-05-16 13:54:27,2011-05-16 14:02:44,1,1,100,1,1,1,NA,NA,1,1,NA,0,1,1,1,1,1,1,1,1,0,1,1,1,1,1,1,0,1,1,1,1,0,1
1272686,2011-05-16 13:55:07,2011-05-16 14:02:52,1,1,100,1,1,1,NA,1,1,1,1,1,2,2,2,2,2,2,1,2,2,1,0,2,1,2,2,1,1,1,1,2,0,2
1225451,2011-05-16 13:53:54,2011-05-16 14:02:53,1,1,100,1,1,1,1,1,NA,1,1,2,0,1,0,2,2,2,2,1,1,0,0,0,2,0,1,1,1,0,0,0,0,2
973776,2011-05-16 13:55:53,2011-05-16 14:03:14,1,1,100,1,1,1,NA,1,1,1,1,1,2,2,1,0,0,0,1,1,1,1,0,2,1,2,1,2,2,2,1,2,0,2
1237269,2011-05-16 13:54:06,2011-05-16 14:04:01,1,1,87,1,1,1,NA,NA,NA,NA,NA,0,1,0,0,1,2,2,1,0,0,1,0,1,1,1,1,1,1,0,0,0,1,1
713869,2011-05-16 13:52:39,2011-05-16 14:04:10,1,1,100,NA,1,NA,1,NA,1,1,1,1,2,0,0,1,2,1,2,1,2,2,2,0,1,0,0,1,2,1,0,1,2,2
765972,2011-05-16 13:53:04,2011-05-16 14:04:35,1,1,100,1,1,1,1,NA,1,1,1,2,2,0,0,2,2,2,2,2,2,2,2,2,1,2,2,1,1,0,0,2,1,2
382221,2011-05-16 13:53:12,2011-05-16 14:04:56,1,1,50,NA,1,1,NA,NA,NA,NA,NA,0,1,0,1,1,1,1,1,1,1,0,1,1,1,1,0,1,0,0,0,1,0,1
1278706,2011-05-16 13:56:12,2011-05-16 14:05:05,1,1,81,1,1,1,1,1,NA,NA,NA,2,2,1,0,2,2,2,2,2,2,2,1,1,2,1,2,1,0,0,0,1,1,2
1162457,2011-05-16 13:58:27,2011-05-16 14:05:10,1,1,100,1,NA,NA,NA,1,1,1,1,2,1,1,0,2,2,2,2,2,0,2,0,0,2,0,1,1,0,0,0,0,1,0
369971,2011-05-16 13:52:23,2011-05-16 14:06:16,1,1,98,1,NA,1,NA,NA,NA,NA,NA,0,0,0,0,0,1,1,0,1,0,1,0,0,1,0,0,1,0,0,0,0,0,0
1251077,2011-05-16 13:59:43,2011-05-16 14:06:36,1,1,100,1,1,1,NA,1,NA,NA,NA,NA,NA,NA,NA,NA,NA,NA,NA,NA,NA,NA,NA,NA,NA,NA,NA,NA,NA,NA,NA,NA,NA,NA
704016,2011-05-16 13:53:25,2011-05-16 14:06:51,1,1,75,NA,NA,NA,NA,NA,1,NA,NA,2,2,1,1,1,2,2,2,2,2,1,1,1,2,1,2,2,2,1,2,1,0,2
1616728,2011-05-16 13:56:15,2011-05-16 14:07:10,1,1,100,1,1,1,NA,1,1,1,1,0,0,2,2,2,2,2,2,1,1,2,1,2,0,2,2,0,2,2,2,2,0,0
539826,2011-05-16 13:52:15,2011-05-16 14:07:10,1,1,100,NA,1,NA,NA,NA,1,NA,NA,2,1,0,1,1,1,2,2,2,2,1,0,0,2,0,1,2,1,1,1,0,0,0
92396,2011-05-16 13:53:30,2011-05-16 14:07:34,1,1,100,1,1,1,NA,1,1,1,1,1,2,1,1,1,2,1,2,1,1,1,1,1,2,1,1,0,1,1,1,2,1,2
1253851,2011-05-16 13:57:17,2011-05-16 14:07:35,1,1,20,1,1,NA,NA,1,1,1,NA,1,2,0,1,1,1,2,1,2,2,2,0,0,2,2,2,0,2,1,1,1,1,2
1261226,2011-05-16 13:55:43,2011-05-16 14:07:50,1,1,100,1,1,1,1,1,NA,NA,NA,2,2,2,2,2,2,2,2,2,1,2,0,0,2,1,0,2,2,2,2,2,1,2
653623,2011-05-16 13:58:34,2011-05-16 14:07:51,1,1,100,NA,1,1,NA,NA,NA,NA,NA,2,1,1,1,2,2,1,2,2,2,1,0,0,2,0,0,0,0,0,0,2,2,2
831232,2011-05-16 13:57:42,2011-05-16 14:08:10,1,1,93,NA,1,NA,NA,NA,NA,1,1,NA,0,NA,NA,NA,NA,NA,NA,1,NA,1,NA,NA,NA,NA,NA,0,2,1,NA,NA,NA,NA
1241886,2011-05-16 14:01:29,2011-05-16 14:09:21,1,1,80,1,NA,NA,NA,1,1,1,1,2,2,1,0,2,2,2,2,2,2,2,2,0,2,1,2,1,1,1,0,2,1,2
1693467,2011-05-16 13:58:24,2011-05-16 14:09:39,1,1,85,NA,1,NA,NA,NA,1,NA,NA,2,2,0,0,2,2,2,2,2,1,2,2,2,2,0,2,1,0,0,0,1,1,2
707451,2011-05-16 13:58:27,2011-05-16 14:09:39,1,1,100,1,NA,NA,NA,NA,1,1,NA,1,1,1,1,1,2,1,1,1,1,1,1,0,0,0,0,0,0,0,1,1,0,1
942454,2011-05-16 14:03:04,2011-05-16 14:09:42,1,1,100,1,1,1,1,1,NA,NA,NA,1,2,1,1,1,1,1,2,0,0,0,1,0,1,0,1,1,1,0,0,2,1,2
1263062,2011-05-16 13:55:13,2011-05-16 14:09:58,1,1,100,1,1,1,1,NA,1,NA,1,1,0,0,0,1,2,2,1,0,0,1,1,0,1,0,0,1,2,0,0,0,1,2
1154391,2011-05-16 13:58:21,2011-05-16 14:10:12,1,1,100,1,1,1,1,NA,1,NA,1,2,2,0,0,1,2,1,1,1,2,0,0,0,2,0,0,1,1,0,0,1,1,1
1274820,2011-05-16 14:00:29,2011-05-16 14:10:15,1,1,100,1,NA,NA,NA,NA,1,1,NA,2,1,0,0,2,2,2,2,2,2,2,1,1,2,1,2,0,2,0,0,0,2,2
431569,2011-05-16 13:57:02,2011-05-16 14:10:29,1,1,95,1,1,NA,NA,1,1,1,1,0,0,0,0,1,2,1,1,1,1,2,1,1,1,1,0,0,2,1,0,1,2,1
1310852,2011-05-16 13:55:08,2011-05-16 14:10:35,1,1,90,NA,1,1,NA,1,1,NA,NA,1,2,1,1,1,2,0,2,0,1,2,2,2,1,2,1,2,1,0,0,1,0,1
1260382,2011-05-16 13:54:54,2011-05-16 14:10:39,1,1,100,1,1,1,NA,1,1,NA,1,0,1,1,0,1,1,1,1,1,0,2,0,1,2,0,1,0,2,2,2,2,0,0
1275828,2011-05-16 14:01:21,2011-05-16 14:11:22,1,1,100,1,1,1,NA,NA,NA,NA,NA,0,0,2,0,2,1,1,1,1,0,2,2,1,1,2,2,2,1,0,1,2,1,1
1206270,2011-05-16 13:57:28,2011-05-16 14:11:31,1,1,89,1,NA,NA,NA,1,1,1,NA,0,NA,0,0,NA,NA,NA,NA,1,0,0,NA,0,NA,0,NA,NA,0,1,NA,NA,NA,NA
1267590,2011-05-16 13:56:53,2011-05-16 14:11:44,1,1,100,1,1,1,NA,1,1,NA,NA,NA,NA,NA,NA,NA,NA,NA,NA,NA,NA,NA,NA,NA,NA,NA,NA,0,NA,NA,NA,NA,NA,NA
1242154,2011-05-16 13:54:45,2011-05-16 14:12:23,1,1,100,1,1,1,1,1,1,NA,NA,1,2,0,0,2,2,2,NA,1,2,NA,NA,1,2,NA,2,NA,0,1,NA,1,NA,NA
1282626,2011-05-16 13:54:51,2011-05-16 14:12:32,1,1,100,1,1,1,1,NA,1,NA,NA,0,2,0,0,2,2,2,2,2,0,1,1,0,2,0,1,1,2,1,0,1,0,1
800503,2011-05-16 14:02:58,2011-05-16 14:13:06,1,1,86,1,NA,1,NA,1,NA,1,1,2,2,0,0,0,2,1,1,1,1,1,1,2,2,1,1,0,0,0,0,0,0,0
628497,2011-05-16 14:05:47,2011-05-16 14:13:08,1,1,100,NA,1,1,NA,1,1,1,1,NA,NA,NA,NA,NA,NA,NA,NA,NA,NA,NA,NA,NA,NA,NA,NA,NA,NA,NA,NA,NA,NA,NA
807310,2011-05-16 13:57:27,2011-05-16 14:13:30,1,1,100,1,1,1,NA,1,1,1,1,1,2,1,0,2,2,2,2,2,0,2,2,2,2,0,2,0,1,1,1,2,0,2
1274110,2011-05-16 13:54:47,2011-05-16 14:13:54,1,1,50,1,1,1,1,NA,NA,NA,NA,NA,0,0,0,NA,NA,NA,NA,NA,NA,NA,NA,NA,NA,NA,NA,NA,NA,NA,0,0,NA,NA
1234968,2011-05-16 14:02:17,2011-05-16 14:14:03,1,1,100,1,1,1,1,NA,NA,1,NA,NA,NA,0,0,NA,NA,NA,NA,NA,NA,NA,0,NA,NA,NA,0,NA,NA,NA,0,NA,NA,NA
665111,2011-05-16 13:56:23,2011-05-16 14:14:13,1,1,92,1,1,1,1,1,1,NA,1,NA,NA,0,0,NA,NA,NA,NA,NA,NA,NA,NA,0,NA,0,NA,1,1,NA,1,NA,1,NA
993716,2011-05-16 13:59:52,2011-05-16 14:14:52,1,1,100,1,1,1,NA,1,1,NA,NA,0,1,1,0,0,0,2,0,0,0,1,0,1,0,2,2,0,0,0,0,1,0,0
1266842,2011-05-16 14:05:44,2011-05-16 14:14:54,1,1,100,1,1,NA,NA,NA,NA,NA,NA,1,2,0,1,2,2,1,2,0,2,0,1,1,2,0,0,2,1,0,0,2,0,0
627184,2011-05-16 14:01:21,2011-05-16 14:14:55,1,1,100,1,1,1,NA,1,1,1,1,1,1,1,1,2,2,1,1,1,1,1,1,1,2,1,1,0,0,1,1,1,1,1
272356,2011-05-16 14:03:57,2011-05-16 14:14:58,1,1,100,NA,1,1,NA,NA,1,NA,1,2,1,0,0,2,2,1,2,1,0,2,0,1,0,0,0,2,1,0,0,1,0,1
1276316,2011-05-16 14:06:45,2011-05-16 14:15:20,1,1,100,NA,1,NA,1,NA,NA,1,1,2,1,0,0,2,1,2,1,0,2,1,0,0,2,0,0,2,0,0,1,1,1,1
1241502,2011-05-16 14:05:01,2011-05-16 14:15:30,1,1,100,1,1,1,NA,NA,1,NA,NA,NA,NA,0,0,NA,NA,NA,NA,0,0,NA,NA,1,NA,NA,0,NA,1,NA,NA,NA,0,NA
1118719,2011-05-16 13:52:19,2011-05-16 14:16:13,1,1,82,1,1,1,NA,1,1,NA,NA,0,1,0,0,1,0,1,1,1,1,1,1,1,1,1,1,1,0,0,0,1,1,0
811507,2011-05-16 14:05:49,2011-05-16 14:16:20,1,1,91,1,1,NA,NA,NA,1,NA,NA,2,1,1,0,2,2,1,2,0,1,1,0,0,2,0,2,1,2,1,0,1,0,2
1273345,2011-05-16 14:06:28,2011-05-16 14:17:05,1,1,100,NA,1,NA,NA,NA,1,NA,1,1,2,0,0,1,0,0,1,2,1,2,2,1,2,0,2,1,1,0,0,1,1,2
695905,2011-05-16 13:55:01,2011-05-16 14:17:29,1,1,100,1,NA,NA,NA,1,1,1,NA,2,1,0,0,2,2,2,2,2,1,2,2,2,2,1,2,2,0,0,0,0,1,1
1253119,2011-05-16 14:08:43,2011-05-16 14:18:38,1,1,61,1,NA,NA,NA,NA,NA,NA,NA,2,1,0,0,2,2,2,2,2,2,2,1,1,2,1,1,2,2,2,0,1,0,1
533285,2011-05-16 13:59:28,2011-05-16 14:18:47,1,1,41,NA,1,1,1,NA,1,NA,1,1,1,2,0,0,1,1,1,0,1,1,1,1,0,0,0,1,0,1,0,1,1,1
257511,2011-05-16 14:09:00,2011-05-16 14:19:32,1,1,100,NA,1,1,NA,NA,NA,NA,NA,1,1,0,1,1,1,1,1,2,0,2,2,1,2,1,2,1,0,0,0,0,0,0
548414,2011-05-16 14:09:59,2011-05-16 14:19:47,1,1,100,1,1,1,NA,1,NA,1,NA,2,2,1,1,2,2,2,2,2,0,2,1,1,2,0,2,2,1,1,1,2,2,2
31894,2011-05-16 14:05:58,2011-05-16 14:19:51,1,1,100,1,1,1,NA,NA,NA,NA,NA,2,1,1,1,0,2,0,2,0,0,1,1,1,2,0,1,1,0,0,0,0,1,1
798691,2011-05-16 14:05:16,2011-05-16 14:20:04,1,1,100,1,1,1,1,1,1,1,1,2,1,2,0,2,2,2,2,2,2,1,2,2,2,1,2,2,2,1,0,1,1,1
991907,2011-05-16 13:54:36,2011-05-16 14:20:17,1,1,75,1,1,1,NA,1,1,NA,NA,2,2,2,2,2,2,2,2,2,1,2,1,2,2,2,2,0,2,2,2,2,1,2
1621703,2011-05-16 14:12:21,2011-05-16 14:20:23,1,1,100,NA,NA,1,NA,1,1,NA,NA,NA,NA,NA,0,NA,NA,NA,NA,NA,NA,NA,NA,0,NA,NA,NA,0,0,0,0,NA,NA,NA
1236418,2011-05-16 14:09:58,2011-05-16 14:20:26,1,1,100,1,1,1,NA,1,1,1,1,2,1,1,1,2,2,2,1,1,2,1,0,1,2,1,1,0,1,1,1,2,2,1
538067,2011-05-16 14:00:16,2011-05-16 14:20:29,1,1,100,1,1,1,1,1,1,1,1,NA,NA,NA,0,NA,NA,NA,NA,1,NA,NA,NA,1,NA,NA,NA,NA,NA,0,0,NA,1,NA
374146,2011-05-16 14:09:29,2011-05-16 14:20:35,1,1,100,NA,1,1,1,NA,NA,NA,NA,1,2,0,1,1,1,2,1,2,1,1,2,1,2,0,1,1,0,1,0,2,0,2
646743,2011-05-16 14:12:33,2011-05-16 14:20:48,1,1,100,1,1,NA,NA,NA,1,NA,NA,2,0,0,0,2,2,2,2,1,2,2,1,1,2,0,1,2,2,0,0,0,0,0
1260048,2011-05-16 14:06:03,2011-05-16 14:21:05,1,1,100,1,1,1,NA,1,1,1,1,2,2,2,2,2,2,2,2,2,2,2,2,2,2,2,2,0,2,2,2,2,2,2
1264271,2011-05-16 14:07:59,2011-05-16 14:21:13,1,1,100,1,1,NA,NA,NA,1,1,NA,1,1,0,1,2,2,2,2,1,2,2,2,2,2,0,1,2,0,0,0,1,2,2
727698,2011-05-16 14:11:30,2011-05-16 14:23:13,1,1,100,1,1,1,1,1,1,1,1,0,1,0,0,2,1,2,2,0,1,2,1,0,2,0,1,2,0,0,0,1,1,2
1284370,2011-05-16 14:16:18,2011-05-16 14:24:00,1,1,100,1,NA,1,NA,1,1,NA,NA,2,2,2,0,2,2,2,2,NA,NA,NA,NA,NA,NA,0,1,NA,2,0,0,NA,NA,NA
1283342,2011-05-16 14:05:39,2011-05-16 14:24:04,1,1,50,NA,1,NA,NA,1,1,1,1,0,0,0,0,NA,NA,NA,NA,NA,NA,0,NA,NA,NA,NA,0,NA,NA,0,NA,NA,NA,NA
1217012,2011-05-16 14:14:13,2011-05-16 14:24:10,1,1,61,NA,NA,1,NA,1,1,NA,NA,2,2,1,1,2,2,1,2,2,1,2,1,1,2,1,1,0,1,1,1,2,1,1
643876,2011-05-16 14:10:38,2011-05-16 14:24:13,1,1,80,1,1,NA,NA,1,NA,NA,NA,0,2,1,1,0,0,0,2,0,0,2,2,1,0,0,2,0,2,0,0,2,1,1
1245354,2011-05-16 14:11:55,2011-05-16 14:24:14,1,1,100,1,1,NA,NA,NA,1,1,1,1,1,1,0,1,0,0,0,1,0,0,1,1,2,1,1,2,1,1,1,2,0,1
436197,2011-05-16 14:17:01,2011-05-16 14:24:51,1,1,100,1,NA,NA,1,1,NA,NA,NA,0,0,0,1,1,2,0,0,1,0,1,1,0,0,1,0,1,2,2,1,0,1,0
1244710,2011-05-16 14:13:17,2011-05-16 14:26:01,1,1,100,1,1,1,NA,1,1,NA,NA,2,2,2,1,2,2,2,1,2,2,2,2,2,2,2,2,0,1,1,1,2,1,2
179188,2011-05-16 14:15:11,2011-05-16 14:26:10,1,1,91,1,1,NA,NA,1,1,NA,NA,1,2,0,0,2,1,0,1,0,1,0,1,0,2,0,0,2,1,0,0,1,1,1
584662,2011-05-16 14:13:53,2011-05-16 14:26:21,1,1,100,NA,1,NA,NA,NA,1,1,NA,2,1,0,0,1,2,1,1,1,2,1,0,2,1,0,1,1,0,0,0,0,0,1
627369,2011-05-16 14:12:26,2011-05-16 14:26:36,1,1,92,1,1,1,NA,1,1,1,NA,NA,NA,NA,0,NA,NA,NA,NA,NA,NA,NA,NA,1,NA,1,NA,0,0,0,0,1,1,NA
1268512,2011-05-16 14:13:57,2011-05-16 14:26:41,1,1,91,NA,1,NA,NA,NA,1,NA,NA,1,2,0,1,2,1,2,2,1,2,1,1,2,2,1,0,2,1,1,0,2,1,2
1273151,2011-05-16 14:11:25,2011-05-16 14:26:41,1,1,20,NA,1,1,1,NA,1,NA,NA,2,1,1,0,1,0,1,1,NA,0,NA,NA,NA,NA,NA,NA,NA,NA,NA,NA,NA,1,NA
990091,2011-05-16 14:14:06,2011-05-16 14:26:50,1,1,100,1,1,1,1,1,1,NA,NA,0,0,0,0,0,2,0,0,0,0,0,1,0,1,0,0,0,1,0,0,0,0,0
1278484,2011-05-16 14:18:22,2011-05-16 14:27:09,1,1,100,NA,1,1,NA,NA,NA,NA,NA,NA,0,2,0,NA,NA,NA,NA,1,NA,0,0,1,NA,1,1,NA,NA,NA,1,0,1,0
862130,2011-05-16 14:11:39,2011-05-16 14:27:22,1,1,100,1,1,1,NA,NA,1,1,1,1,2,2,0,1,2,1,2,1,2,2,2,2,2,1,2,1,2,0,0,2,0,2
1205442,2011-05-16 14:15:50,2011-05-16 14:27:35,1,1,100,1,1,1,NA,NA,1,1,1,2,2,2,2,2,2,2,2,2,2,2,2,2,2,2,2,0,2,2,2,2,2,2
977569,2011-05-16 14:12:18,2011-05-16 14:27:48,1,1,80,1,1,1,1,NA,NA,NA,NA,2,0,0,1,1,2,1,1,0,2,0,2,1,2,1,0,1,1,0,0,0,1,0
1272670,2011-05-16 14:16:29,2011-05-16 14:28:01,1,1,98,NA,1,1,NA,NA,1,NA,NA,2,1,1,0,1,2,2,2,2,0,2,1,1,2,1,1,0,1,1,0,1,1,1
76379,2011-05-16 14:21:08,2011-05-16 14:29:40,1,1,97,1,NA,NA,NA,NA,1,1,NA,0,NA,0,NA,NA,NA,NA,NA,2,1,NA,0,NA,NA,NA,NA,0,NA,NA,NA,NA,0,NA
272779,2011-05-16 14:21:07,2011-05-16 14:29:44,1,1,100,1,NA,1,NA,1,NA,1,NA,2,2,2,1,2,2,2,2,2,2,2,2,2,2,1,2,1,0,0,0,2,2,2
795043,2011-05-16 14:18:16,2011-05-16 14:29:49,1,1,100,1,1,1,1,NA,1,1,1,1,2,1,0,1,2,2,2,2,0,1,1,2,2,2,2,0,2,1,0,2,0,2
793338,2011-05-16 14:21:52,2011-05-16 14:30:09,1,1,100,1,1,1,NA,NA,1,1,NA,1,1,1,0,2,2,2,1,2,0,2,1,1,1,1,0,1,2,0,0,1,1,2
1124277,2011-05-16 14:04:03,2011-05-16 14:30:22,1,1,100,1,1,1,NA,NA,1,1,1,1,1,2,0,2,2,2,2,2,1,2,2,1,2,1,1,0,0,0,1,0,0,0
984509,2011-05-16 14:17:50,2011-05-16 14:30:39,1,1,100,1,1,1,1,1,1,1,1,0,2,1,1,1,2,0,2,1,0,2,1,2,1,2,1,0,1,1,0,2,1,2
493728,2011-05-16 14:21:00,2011-05-16 14:30:45,1,1,100,1,1,NA,1,NA,1,1,NA,0,1,0,0,1,1,1,0,0,1,1,1,0,1,0,0,1,0,1,1,1,1,1
1605287,2011-05-16 14:23:43,2011-05-16 14:31:14,1,1,100,1,1,NA,NA,NA,NA,NA,NA,1,1,0,0,0,0,0,0,2,1,1,1,1,1,2,2,2,1,1,2,2,1,2
1233599,2011-05-16 14:22:03,2011-05-16 14:31:43,1,1,100,1,NA,NA,NA,NA,NA,1,NA,1,2,2,0,2,2,2,2,2,0,2,2,1,2,0,0,1,0,0,0,2,1,2
1528803,2011-05-16 14:23:54,2011-05-16 14:31:47,1,1,92,1,1,NA,NA,NA,NA,NA,NA,1,0,1,0,1,1,2,2,0,0,1,1,0,1,0,1,1,0,0,0,0,0,0
379982,2011-05-16 14:21:50,2011-05-16 14:31:47,1,1,100,1,1,1,NA,NA,1,NA,NA,2,1,0,0,2,2,2,2,2,2,2,2,1,2,0,1,2,0,0,0,0,2,2
1281595,2011-05-16 14:10:44,2011-05-16 14:31:50,1,1,90,NA,1,1,NA,NA,1,1,NA,0,2,0,0,2,2,1,1,2,0,2,1,0,2,0,2,1,0,1,1,1,0,2
1268699,2011-05-16 14:21:06,2011-05-16 14:31:51,1,1,69,1,1,NA,NA,NA,NA,1,NA,NA,1,NA,1,NA,NA,2,2,2,1,1,1,NA,2,1,2,NA,NA,NA,0,1,0,0
830274,2011-05-16 14:21:09,2011-05-16 14:33:55,1,1,81,1,1,1,NA,1,NA,1,NA,1,2,1,1,2,2,2,2,1,2,2,1,2,2,1,1,0,2,2,1,2,1,2
627526,2011-05-16 14:19:02,2011-05-16 14:34:02,1,1,100,1,1,1,1,1,1,1,1,1,1,2,0,2,2,1,1,2,2,1,1,1,2,1,2,2,1,0,0,1,1,1
1249246,2011-05-16 14:11:33,2011-05-16 14:34:10,1,1,100,1,1,1,NA,1,1,1,1,2,0,1,0,2,2,2,2,2,1,1,2,0,1,0,2,1,0,0,0,0,1,0
1211396,2011-05-16 14:12:17,2011-05-16 14:35:12,1,1,100,1,NA,1,NA,1,1,1,1,2,0,2,0,1,2,2,2,2,2,1,0,0,2,2,2,1,0,0,1,0,2,1
1273641,2011-05-16 13:55:51,2011-05-16 14:36:20,1,1,100,NA,1,1,NA,NA,NA,NA,NA,NA,NA,0,NA,NA,NA,NA,NA,NA,NA,NA,NA,NA,NA,NA,NA,NA,NA,NA,NA,NA,NA,NA
1259830,2011-05-16 14:30:41,2011-05-16 14:36:46,1,1,100,1,NA,1,NA,1,NA,1,1,1,2,2,2,2,2,2,2,2,1,2,2,2,2,2,2,2,2,2,2,2,0,2
724526,2011-05-16 14:25:28,2011-05-16 14:37:01,1,1,98,NA,1,1,NA,1,1,NA,1,2,2,1,1,2,2,2,2,2,2,1,1,1,2,1,2,0,2,1,2,2,2,2
714419,2011-05-16 14:24:47,2011-05-16 14:37:15,1,1,96,1,1,NA,NA,NA,1,1,NA,1,1,0,0,2,2,NA,2,1,NA,2,NA,0,NA,0,NA,0,NA,NA,1,1,0,1
775277,2011-05-16 14:26:29,2011-05-16 14:37:20,1,1,99,1,1,NA,NA,NA,1,NA,NA,2,2,1,0,0,1,2,2,1,0,0,0,0,1,0,1,2,1,0,0,2,0,2
1692215,2011-05-16 14:23:32,2011-05-16 14:37:24,1,1,0,1,1,1,1,1,NA,1,NA,2,2,0,1,2,2,2,2,2,2,0,0,1,2,0,1,2,1,0,0,0,0,2
1275501,2011-05-16 14:29:19,2011-05-16 14:38:00,1,1,98,NA,1,1,NA,1,NA,NA,NA,1,2,0,1,1,2,2,2,2,1,1,0,0,0,0,1,1,1,0,0,1,1,2
1253803,2011-05-16 14:29:47,2011-05-16 14:38:26,1,1,100,NA,1,1,NA,NA,1,1,1,2,2,0,0,2,2,2,2,2,2,1,1,2,2,1,1,0,2,2,1,2,2,2
1154408,2011-05-16 14:27:49,2011-05-16 14:39:07,1,1,100,1,NA,NA,NA,NA,1,NA,NA,2,2,2,2,2,2,2,2,2,2,2,2,2,1,2,2,0,2,2,2,2,1,2
156045,2011-05-16 14:27:40,2011-05-16 14:39:41,1,1,100,1,1,1,1,1,1,NA,NA,NA,NA,NA,NA,NA,NA,NA,NA,NA,0,NA,0,NA,NA,NA,0,1,0,0,1,NA,NA,NA
630816,2011-05-16 14:29:40,2011-05-16 14:40:10,1,1,100,1,1,1,NA,1,1,1,1,1,2,0,0,2,2,2,1,0,2,1,1,1,2,1,1,0,1,0,0,2,0,1
1214500,2011-05-16 14:28:02,2011-05-16 14:40:16,1,1,62,NA,1,1,NA,1,1,1,1,2,2,2,1,2,2,2,2,2,0,2,2,1,2,2,2,1,2,2,1,2,1,2
155408,2011-05-16 14:29:59,2011-05-16 14:40:20,1,1,90,1,NA,NA,NA,NA,1,NA,NA,0,1,2,0,1,2,0,1,1,0,1,2,2,2,2,2,1,2,0,0,1,0,0
1253799,2011-05-16 14:28:23,2011-05-16 14:40:31,1,1,92,1,1,NA,NA,1,NA,NA,NA,2,2,0,0,2,2,2,2,2,1,2,0,0,2,1,2,0,0,0,0,0,2,2
1244096,2011-05-16 14:29:07,2011-05-16 14:40:39,1,1,50,1,1,NA,NA,NA,1,1,1,2,2,2,2,2,2,2,2,2,2,2,2,2,2,2,2,0,2,2,2,2,2,2
1266856,2011-05-16 14:19:13,2011-05-16 14:41:37,1,1,100,1,1,NA,NA,1,1,NA,NA,2,2,2,2,1,2,1,1,2,2,2,2,0,2,1,2,0,2,1,1,1,1,2
501967,2011-05-16 14:32:41,2011-05-16 14:42:35,1,1,100,1,NA,NA,NA,1,1,1,NA,1,2,0,0,2,1,1,1,2,0,0,0,0,2,0,1,1,0,0,0,1,0,2
1249643,2011-05-16 14:26:04,2011-05-16 14:42:55,1,1,100,1,1,1,1,NA,NA,NA,NA,0,1,0,1,2,2,2,2,2,0,2,2,1,2,2,1,1,0,0,1,2,0,1
1245667,2011-05-16 14:29:00,2011-05-16 14:43:10,1,1,80,1,1,NA,NA,1,NA,NA,NA,0,NA,NA,NA,0,2,NA,2,1,0,NA,NA,NA,NA,NA,NA,NA,NA,NA,NA,NA,0,1
642377,2011-05-16 14:34:43,2011-05-16 14:43:26,1,1,70,1,NA,NA,1,NA,NA,NA,NA,1,0,0,0,1,1,1,2,1,1,0,1,0,1,0,1,2,1,1,0,0,0,0
1241387,2011-05-16 14:29:38,2011-05-16 14:43:31,1,1,100,NA,1,1,NA,1,1,1,NA,2,1,0,0,2,2,2,2,2,1,1,0,1,2,0,1,0,2,0,0,0,0,1
361742,2011-05-16 14:30:22,2011-05-16 14:44:21,1,1,100,1,1,1,NA,1,NA,NA,NA,2,2,0,1,2,2,2,2,2,2,2,2,0,2,0,0,0,0,1,1,2,1,2
1631095,2011-05-16 14:32:53,2011-05-16 14:44:46,1,1,100,1,1,1,NA,1,1,NA,1,NA,NA,NA,NA,NA,NA,NA,NA,NA,NA,NA,NA,NA,NA,NA,NA,NA,NA,NA,NA,NA,NA,NA
921880,2011-05-16 14:30:54,2011-05-16 14:45:28,1,1,91,1,1,1,1,NA,NA,1,1,2,1,0,0,2,2,2,2,2,2,1,1,0,2,0,0,1,0,0,0,0,0,2
1248667,2011-05-16 14:35:12,2011-05-16 14:46:01,1,1,100,NA,1,1,NA,1,1,NA,NA,2,2,2,2,2,2,2,2,2,2,2,2,2,2,2,2,0,2,2,2,2,2,2
1271555,2011-05-16 14:24:26,2011-05-16 14:46:28,1,1,100,NA,1,1,NA,NA,1,NA,NA,1,2,0,2,0,1,1,1,0,0,2,2,2,1,0,1,0,1,2,1,2,0,1
280157,2011-05-16 13:57:02,2011-05-16 14:48:17,1,1,89,1,1,1,NA,NA,NA,NA,1,1,0,0,0,2,1,0,1,1,1,1,1,1,2,0,1,2,0,1,0,1,1,0
861784,2011-05-16 14:38:21,2011-05-16 14:48:18,1,1,100,1,1,1,NA,1,1,1,1,1,0,2,1,2,2,0,0,0,1,1,0,1,2,2,2,0,1,1,0,2,1,2
993938,2011-05-16 14:38:10,2011-05-16 14:48:34,1,1,100,1,1,NA,NA,NA,NA,NA,NA,1,2,2,2,2,1,1,1,1,1,2,0,2,1,2,2,1,2,2,2,2,0,2
627092,2011-05-16 14:36:23,2011-05-16 14:48:37,1,1,50,1,NA,NA,NA,1,1,1,1,1,1,0,0,2,0,1,1,2,1,1,0,1,1,0,0,1,1,2,2,1,0,1
1247577,2011-05-16 14:41:50,2011-05-16 14:49:11,1,1,100,1,1,NA,NA,1,NA,NA,NA,2,1,2,1,2,2,2,2,1,2,2,1,1,2,0,0,2,2,1,1,2,1,1
342081,2011-05-16 14:40:04,2011-05-16 14:50:21,1,1,100,1,1,1,NA,NA,1,1,1,NA,NA,NA,NA,NA,NA,NA,NA,NA,NA,NA,NA,NA,NA,NA,NA,NA,NA,NA,NA,NA,NA,NA
535416,2011-05-16 14:38:13,2011-05-16 14:50:23,1,1,100,1,1,1,NA,NA,NA,1,NA,NA,NA,NA,NA,NA,NA,NA,NA,NA,0,NA,NA,NA,NA,NA,NA,1,NA,NA,NA,NA,1,NA
435944,2011-05-16 14:40:17,2011-05-16 14:51:04,1,1,100,1,1,NA,NA,NA,1,NA,NA,2,2,2,1,2,2,2,2,2,1,2,2,1,2,1,2,0,1,2,2,2,1,2
1280850,2011-05-16 14:41:38,2011-05-16 14:51:11,1,1,100,1,1,1,NA,NA,NA,NA,NA,2,2,1,0,1,2,NA,1,2,1,NA,NA,1,2,NA,0,0,NA,0,0,NA,NA,NA
1681516,2011-05-16 14:27:23,2011-05-16 14:52:20,1,1,100,1,1,1,NA,1,1,NA,1,NA,NA,NA,0,NA,NA,NA,NA,NA,NA,NA,NA,NA,NA,NA,NA,NA,NA,NA,NA,NA,NA,NA
441984,2011-05-16 14:43:39,2011-05-16 14:52:44,1,1,100,NA,1,1,NA,NA,1,NA,NA,1,2,1,0,1,2,2,0,0,2,1,0,0,2,2,1,1,0,0,1,2,1,2
1253497,2011-05-16 14:43:17,2011-05-16 14:54:52,1,1,90,NA,1,1,1,1,NA,NA,NA,NA,NA,0,0,2,2,NA,NA,NA,NA,NA,0,NA,NA,NA,NA,NA,1,NA,1,0,NA,NA
1089727,2011-05-16 14:46:13,2011-05-16 14:55:26,1,1,90,1,NA,NA,NA,NA,NA,NA,NA,1,0,0,1,1,2,1,2,2,2,2,1,1,2,0,0,1,0,0,0,0,0,0
1116690,2011-05-16 14:44:23,2011-05-16 14:56:47,1,1,100,1,NA,1,NA,1,1,1,1,2,1,2,1,2,2,2,1,2,2,2,2,1,1,2,2,0,1,1,1,1,1,1
1101670,2011-05-16 14:23:55,2011-05-16 14:57:02,1,1,90,1,1,1,1,1,1,NA,NA,1,0,0,0,1,2,1,2,1,2,2,1,0,2,0,0,0,0,0,1,1,1,1
1089920,2011-05-16 14:44:12,2011-05-16 14:57:29,1,1,100,NA,1,NA,1,NA,1,NA,1,0,2,0,2,0,2,1,1,1,0,1,1,2,2,2,1,1,1,1,0,1,0,2
501018,2011-05-16 14:47:05,2011-05-16 14:57:59,1,1,92,1,1,1,1,NA,NA,NA,NA,2,1,0,0,2,2,1,2,2,2,2,2,1,2,1,2,2,0,0,0,1,2,1
639358,2011-05-16 14:50:08,2011-05-16 14:59:43,1,1,100,NA,1,1,NA,NA,NA,NA,NA,2,2,2,2,2,2,2,2,2,2,2,2,2,2,2,2,0,2,2,2,2,2,2
198939,2011-05-16 14:51:47,2011-05-16 14:59:57,1,1,100,1,1,1,1,NA,1,NA,NA,1,1,1,0,1,2,1,1,1,1,2,2,0,1,0,0,0,0,0,0,0,0,1
794800,2011-05-16 14:49:13,2011-05-16 15:00:21,1,1,90,1,1,NA,NA,NA,NA,NA,1,0,2,1,0,1,0,1,0,0,0,2,1,2,1,1,2,0,0,1,1,2,1,2
566813,2011-05-16 14:50:26,2011-05-16 15:00:22,1,1,91,1,1,1,NA,NA,1,NA,NA,1,2,1,1,1,1,0,1,1,0,1,1,1,1,2,1,0,1,1,1,2,1,2
1234377,2011-05-16 14:52:53,2011-05-16 15:01:47,1,1,75,1,NA,NA,NA,1,NA,1,NA,2,1,1,1,2,2,0,2,1,0,2,1,0,1,0,0,1,0,1,1,0,0,2
1253978,2011-05-16 14:53:16,2011-05-16 15:02:54,1,1,82,1,1,NA,NA,1,1,1,NA,1,2,2,0,2,2,2,1,2,1,1,1,0,2,0,2,2,0,0,0,2,1,2
1693278,2011-05-16 14:50:11,2011-05-16 15:03:12,1,1,100,1,1,1,1,NA,1,NA,1,2,0,0,2,0,2,2,2,0,0,2,0,1,2,1,1,1,2,1,2,2,2,1
1240724,2011-05-16 14:47:44,2011-05-16 15:03:29,1,1,100,1,1,1,NA,1,1,1,1,1,1,1,1,1,1,1,2,2,1,1,1,1,2,1,1,0,1,1,1,1,1,1
1243966,2011-05-16 14:44:31,2011-05-16 15:03:29,1,1,50,1,1,1,NA,NA,1,NA,NA,NA,NA,NA,NA,NA,NA,NA,NA,NA,NA,NA,NA,NA,NA,NA,NA,NA,NA,NA,NA,NA,NA,NA
34983,2011-05-16 14:51:54,2011-05-16 15:04:08,1,1,90,1,1,NA,NA,NA,NA,1,1,1,1,0,0,2,2,2,2,2,2,0,0,1,2,1,2,1,0,0,0,1,0,1
1646543,2011-05-16 14:44:04,2011-05-16 15:04:41,1,1,100,1,NA,1,NA,1,1,1,1,1,1,0,0,1,2,2,1,2,2,0,2,0,2,1,1,2,0,0,1,1,1,1
1273156,2011-05-16 14:57:39,2011-05-16 15:05:04,1,1,52,1,NA,1,NA,1,NA,NA,NA,NA,NA,NA,1,NA,NA,NA,NA,NA,NA,0,0,NA,NA,0,1,NA,0,0,0,1,NA,NA
1236166,2011-05-16 14:26:46,2011-05-16 15:05:11,1,1,100,1,NA,1,NA,1,1,1,NA,1,2,0,0,1,1,0,1,1,2,0,0,0,2,0,0,2,1,1,0,1,0,2
448827,2011-05-16 14:51:03,2011-05-16 15:05:50,1,1,100,1,1,NA,1,1,1,NA,NA,2,0,1,0,1,2,1,2,2,2,2,0,2,2,1,0,1,2,0,0,0,1,1
8893,2011-05-16 14:56:53,2011-05-16 15:06:06,1,1,91,1,1,NA,NA,NA,NA,NA,NA,0,2,0,1,0,1,0,1,0,0,1,1,1,2,0,0,2,2,0,2,2,2,2
1266493,2011-05-16 14:58:37,2011-05-16 15:08:22,1,1,100,1,NA,NA,NA,NA,1,1,NA,NA,NA,0,0,NA,NA,NA,NA,NA,NA,NA,NA,NA,NA,NA,0,NA,NA,NA,0,NA,NA,NA
1094331,2011-05-16 15:02:08,2011-05-16 15:11:01,1,1,50,1,1,1,NA,NA,NA,NA,NA,0,2,1,1,1,2,0,0,1,1,0,0,2,2,1,1,2,1,1,1,2,0,2
691103,2011-05-16 14:56:27,2011-05-16 15:11:07,1,1,95,1,1,NA,NA,NA,NA,1,NA,1,1,1,1,1,1,2,1,1,1,0,0,0,0,1,1,2,1,1,0,0,0,0
587699,2011-05-16 14:54:17,2011-05-16 15:11:24,1,1,100,1,1,NA,NA,NA,1,1,NA,1,NA,NA,NA,NA,NA,NA,1,1,NA,NA,NA,NA,NA,NA,NA,0,NA,NA,NA,NA,1,NA
1279142,2011-05-16 14:58:01,2011-05-16 15:13:35,1,1,100,1,1,1,1,1,NA,1,1,2,1,2,2,2,2,2,2,2,2,2,2,1,2,1,0,0,2,2,2,2,1,1
1264704,2011-05-16 15:07:39,2011-05-16 15:14:07,1,1,100,1,NA,NA,NA,NA,NA,NA,NA,2,0,0,0,0,0,1,0,1,0,0,1,0,0,0,0,1,0,0,0,0,1,1
1244119,2011-05-16 14:47:26,2011-05-16 15:15:24,1,1,100,1,1,1,NA,1,NA,NA,NA,1,0,0,0,2,2,2,2,2,2,2,2,2,2,0,0,1,0,0,0,1,0,1
593335,2011-05-16 15:05:47,2011-05-16 15:15:43,1,1,100,NA,1,NA,NA,1,NA,1,NA,NA,NA,NA,0,NA,NA,NA,NA,NA,NA,NA,NA,NA,NA,NA,NA,NA,NA,NA,NA,NA,NA,NA
1207727,2011-05-16 14:52:30,2011-05-16 15:15:46,1,1,97,1,1,1,NA,1,1,1,1,2,2,1,0,2,2,0,2,2,2,1,1,2,2,1,2,2,1,1,1,1,0,1
831356,2011-05-16 15:04:35,2011-05-16 15:15:59,1,1,100,1,1,1,NA,1,NA,NA,NA,2,2,1,0,2,2,2,2,2,2,1,2,1,2,0,2,1,0,2,1,0,1,1
1280978,2011-05-16 15:01:30,2011-05-16 15:16:01,1,1,92,NA,1,1,NA,NA,1,NA,NA,2,1,0,0,2,1,2,2,2,2,1,1,0,2,0,0,1,0,0,0,0,1,1
671928,2011-05-16 15:06:58,2011-05-16 15:17:33,1,1,100,1,1,1,NA,1,NA,1,NA,NA,NA,0,0,1,1,1,1,NA,0,NA,NA,NA,NA,NA,NA,NA,NA,0,NA,0,0,NA
1668509,2011-05-16 15:06:46,2011-05-16 15:17:34,1,1,100,1,1,1,NA,1,1,1,1,2,1,1,0,0,1,1,2,1,1,1,0,0,2,1,0,1,0,0,0,1,1,1
1285002,2011-05-16 15:06:21,2011-05-16 15:17:38,1,1,85,1,NA,NA,NA,NA,1,NA,1,2,2,1,0,0,0,2,2,1,1,1,1,1,2,0,0,2,2,1,2,2,0,2
1233484,2011-05-16 15:06:23,2011-05-16 15:18:11,1,1,100,1,NA,NA,NA,NA,1,NA,NA,2,2,0,1,0,2,2,2,2,1,2,1,1,2,0,0,2,2,0,0,2,2,2
1252814,2011-05-16 15:05:41,2011-05-16 15:18:16,1,1,100,1,NA,NA,1,1,NA,1,1,NA,NA,0,NA,NA,NA,NA,NA,NA,NA,NA,NA,NA,NA,NA,NA,NA,0,NA,NA,NA,0,NA
826463,2011-05-16 15:08:25,2011-05-16 15:18:16,1,1,5,1,NA,1,NA,1,1,NA,NA,1,0,0,0,1,1,1,2,1,1,1,1,0,2,0,2,1,0,0,1,1,1,0
1280438,2011-05-16 15:04:38,2011-05-16 15:19:16,1,1,100,1,1,1,NA,1,NA,1,1,2,1,1,0,2,2,1,2,2,2,1,2,1,2,1,2,1,1,1,0,1,1,1
1263334,2011-05-16 15:08:59,2011-05-16 15:19:28,1,1,100,1,1,1,1,1,1,NA,NA,2,2,0,0,2,2,0,2,2,NA,1,NA,0,NA,0,0,NA,NA,1,0,NA,1,NA
782477,2011-05-16 15:01:26,2011-05-16 15:19:38,1,1,97,1,1,1,1,1,1,1,1,0,1,0,0,0,1,1,2,2,0,1,0,1,1,0,0,1,2,0,0,1,1,1
1214390,2011-05-16 15:07:07,2011-05-16 15:21:16,1,1,100,1,NA,NA,NA,NA,NA,1,NA,2,2,0,0,2,2,2,2,2,2,2,2,2,2,1,2,0,1,1,1,2,2,1
1278098,2011-05-16 15:11:07,2011-05-16 15:22:01,1,1,91,1,NA,NA,NA,NA,1,1,1,1,1,2,1,2,2,0,2,2,2,1,1,0,2,2,0,0,1,1,0,0,0,2
816779,2011-05-16 15:15:47,2011-05-16 15:23:32,1,1,92,1,1,1,NA,NA,1,1,NA,0,2,0,1,NA,1,NA,2,0,NA,1,0,1,NA,1,NA,1,2,1,NA,NA,0,2
232385,2011-05-16 15:05:36,2011-05-16 15:24:37,1,1,100,1,1,NA,1,NA,1,NA,NA,0,1,0,0,2,2,1,2,1,1,0,0,0,1,0,0,1,0,0,1,1,0,1
1236294,2011-05-16 15:09:03,2011-05-16 15:25:46,1,1,50,1,NA,NA,1,NA,1,1,NA,2,1,0,0,2,2,0,0,2,1,1,0,2,2,0,1,1,0,0,0,1,1,1
1300057,2011-05-16 15:13:38,2011-05-16 15:28:09,1,1,50,NA,1,NA,NA,1,1,NA,1,0,1,1,1,0,2,0,1,0,0,0,0,1,0,1,1,1,2,2,1,1,0,1
1096635,2011-05-16 15:20:40,2011-05-16 15:28:40,1,1,100,1,1,NA,NA,NA,NA,NA,NA,2,2,2,2,2,2,2,2,2,0,2,2,2,2,2,2,0,1,2,2,2,2,2
720783,2011-05-16 15:18:12,2011-05-16 15:29:04,1,1,86,NA,1,1,NA,1,NA,NA,NA,NA,1,1,0,NA,1,1,2,NA,1,2,NA,0,0,NA,NA,0,NA,0,NA,NA,NA,NA
609905,2011-05-16 14:29:56,2011-05-16 15:29:09,1,1,80,1,1,1,1,1,1,1,1,1,1,0,0,1,2,1,1,0,0,1,0,0,1,0,0,1,0,0,0,1,0,1
1236208,2011-05-16 15:21:27,2011-05-16 15:29:30,1,1,76,NA,NA,1,NA,1,1,1,1,2,2,1,0,1,2,1,1,2,2,1,1,1,1,0,1,2,0,1,0,0,0,0
1371559,2011-05-16 15:17:06,2011-05-16 15:30:17,1,1,90,1,1,NA,NA,NA,NA,1,NA,1,1,1,0,1,2,0,2,1,0,0,0,1,2,0,1,1,0,1,0,0,1,1
1272850,2011-05-16 15:21:32,2011-05-16 15:34:15,1,1,100,NA,NA,1,1,NA,1,1,NA,2,0,0,1,1,2,2,2,2,0,1,0,0,2,0,1,2,2,2,1,2,1,2
646819,2011-05-16 15:24:06,2011-05-16 15:34:17,1,1,100,1,1,1,1,NA,1,NA,1,2,2,0,0,2,2,2,2,0,2,1,0,0,2,0,0,1,0,0,1,1,2,2
820578,2011-05-16 15:19:16,2011-05-16 15:34:56,1,1,100,NA,1,1,NA,1,1,1,1,0,2,0,0,1,2,1,1,2,1,2,1,1,1,1,1,0,1,1,1,2,1,2
883015,2011-05-16 15:26:36,2011-05-16 15:35:15,1,1,95,NA,1,1,1,1,1,1,1,NA,NA,1,1,NA,NA,NA,NA,NA,NA,0,1,0,NA,0,0,0,1,0,1,2,0,NA
1690396,2011-05-16 15:25:23,2011-05-16 15:36:55,1,1,75,1,1,NA,NA,NA,NA,NA,NA,0,0,1,0,1,1,0,0,0,1,1,0,0,0,1,0,0,0,1,1,1,0,1
1238699,2011-05-16 15:21:07,2011-05-16 15:36:55,1,1,100,1,1,1,NA,NA,NA,NA,NA,1,2,0,0,2,2,2,2,1,2,0,0,1,2,0,1,1,1,0,0,1,0,2
130309,2011-05-16 15:19:19,2011-05-16 15:37:05,1,1,100,NA,1,1,NA,1,1,NA,NA,2,2,1,1,2,2,2,2,2,1,2,1,2,2,2,2,0,2,2,1,2,2,2
657944,2011-05-16 15:28:00,2011-05-16 15:38:17,1,1,100,1,1,NA,NA,1,1,NA,NA,0,0,1,0,2,2,1,1,0,2,2,2,1,2,0,0,2,1,1,1,0,0,0
1252803,2011-05-16 15:31:18,2011-05-16 15:38:54,1,1,50,1,NA,1,1,NA,NA,NA,NA,1,0,0,0,1,2,1,2,2,2,2,2,2,2,1,2,2,2,1,0,1,1,1
985887,2011-05-16 15:28:41,2011-05-16 15:40:18,1,1,71,1,NA,1,NA,1,1,NA,NA,NA,NA,NA,0,NA,NA,NA,NA,NA,NA,NA,1,1,NA,1,NA,NA,0,0,1,NA,NA,NA
541733,2011-05-16 15:30:51,2011-05-16 15:40:34,1,1,85,1,NA,NA,NA,1,1,1,1,1,0,0,0,2,0,1,2,1,1,0,1,0,2,0,0,1,0,0,0,1,2,2
1259581,2011-05-16 15:19:40,2011-05-16 15:41:00,1,1,100,NA,1,1,NA,NA,NA,NA,NA,2,2,1,0,2,2,1,2,1,2,1,1,1,2,1,1,2,0,0,0,2,2,2
1053034,2011-05-16 15:20:16,2011-05-16 15:42:02,1,1,100,1,1,NA,NA,NA,1,1,1,2,2,1,1,2,2,2,2,2,2,2,2,2,2,2,2,0,2,1,2,2,1,2
579691,2011-05-16 15:29:05,2011-05-16 15:42:12,1,1,90,NA,1,1,1,NA,NA,NA,NA,NA,NA,NA,0,NA,NA,NA,NA,NA,NA,NA,1,1,NA,1,0,NA,NA,0,0,NA,NA,2
115556,2011-05-16 15:24:12,2011-05-16 15:42:14,1,1,100,1,1,1,1,NA,NA,NA,NA,2,2,0,1,2,2,2,2,2,2,1,0,0,2,1,0,2,2,0,1,1,2,1
913373,2011-05-16 15:32:17,2011-05-16 15:43:18,1,1,100,1,1,NA,NA,1,NA,1,1,0,1,1,0,0,0,2,0,2,0,2,2,1,0,1,1,0,0,0,1,1,1,1
544463,2011-05-16 15:26:56,2011-05-16 15:44:05,1,1,100,1,NA,NA,NA,NA,1,1,1,2,2,2,2,2,2,2,2,2,1,2,2,2,2,2,2,0,2,2,2,2,1,2
100097,2011-05-16 15:31:17,2011-05-16 15:46:15,1,1,95,1,1,NA,NA,1,NA,NA,NA,1,0,1,2,1,0,2,1,1,0,2,2,0,1,1,0,0,0,0,0,0,1,0
995201,2011-05-16 15:37:46,2011-05-16 15:46:46,1,1,100,1,NA,NA,1,NA,NA,1,NA,1,1,0,0,2,1,1,1,0,1,0,1,1,2,1,0,1,1,0,0,2,0,2
1256263,2011-05-16 15:34:20,2011-05-16 15:47:21,1,1,100,1,1,NA,NA,NA,1,NA,NA,0,2,0,1,0,2,1,1,2,1,1,1,2,2,2,2,1,1,0,1,2,0,2
367928,2011-05-16 15:33:59,2011-05-16 15:49:43,1,1,100,1,1,NA,NA,NA,1,NA,NA,0,1,1,0,2,2,1,2,2,2,0,0,0,2,0,0,1,1,0,0,2,0,1
1274272,2011-05-16 15:36:44,2011-05-16 15:50:05,1,1,100,1,1,1,1,1,1,1,1,2,2,2,0,2,2,2,2,2,1,2,2,1,2,1,1,1,0,1,1,2,1,2
1087852,2011-05-16 15:41:21,2011-05-16 15:50:36,1,1,99,1,1,NA,NA,NA,1,NA,1,0,2,0,0,2,2,2,2,1,2,2,2,2,2,0,1,0,0,0,0,1,1,2
602529,2011-05-16 15:39:53,2011-05-16 15:51:46,1,1,80,1,1,1,1,NA,1,1,1,2,0,0,0,2,2,2,2,1,2,1,1,2,2,0,0,2,1,1,0,0,2,1
1237323,2011-05-16 15:43:22,2011-05-16 15:53:13,1,1,85,1,1,NA,NA,NA,1,NA,1,1,2,2,0,2,2,2,2,2,2,2,1,2,2,0,2,1,2,0,0,2,0,2
1276400,2011-05-16 15:39:08,2011-05-16 15:53:15,1,1,100,1,1,NA,NA,1,1,1,1,NA,NA,0,NA,NA,NA,0,NA,NA,NA,0,NA,NA,NA,NA,NA,0,NA,NA,NA,NA,NA,NA
1233179,2011-05-16 15:39:08,2011-05-16 15:53:18,1,1,90,NA,1,NA,NA,NA,1,NA,NA,1,1,0,0,1,1,1,2,2,1,2,0,1,2,0,0,2,0,0,0,0,0,0
614117,2011-05-16 15:40:33,2011-05-16 15:53:38,1,1,30,NA,1,1,1,1,NA,1,NA,1,2,0,0,2,2,1,1,1,1,0,0,2,1,1,1,2,2,0,0,2,1,2
75800,2011-05-16 15:38:28,2011-05-16 15:55:43,1,1,90,1,1,1,NA,NA,NA,NA,NA,0,2,1,1,1,1,1,1,0,0,1,0,2,2,0,0,2,2,0,0,1,0,1
627208,2011-05-16 15:43:49,2011-05-16 15:56:24,1,1,100,NA,1,1,NA,NA,NA,NA,NA,1,2,0,0,2,2,2,2,1,2,0,1,0,2,0,1,2,1,0,0,2,2,2
1675530,2011-05-16 15:51:38,2011-05-16 15:58:19,1,1,91,1,1,1,1,1,NA,1,1,0,0,0,0,1,1,2,1,0,1,1,1,0,0,0,0,1,0,0,0,2,1,1
1676788,2011-05-16 15:52:00,2011-05-16 16:01:02,1,1,100,1,NA,1,1,NA,1,NA,NA,2,2,0,1,2,2,1,2,2,1,1,2,1,1,0,2,1,2,1,0,2,1,2
1252395,2011-05-16 15:54:14,2011-05-16 16:02:00,1,1,95,1,NA,NA,1,NA,1,NA,NA,1,0,0,0,1,1,1,1,2,1,0,1,0,2,0,1,1,0,0,0,0,1,0
1110964,2011-05-16 15:02:06,2011-05-16 16:04:06,1,1,100,1,NA,1,NA,NA,NA,NA,NA,0,1,0,1,2,2,0,1,2,1,1,0,1,2,0,2,1,2,0,1,1,0,0
1621834,2011-05-16 15:58:58,2011-05-16 16:04:13,1,1,100,NA,1,1,NA,NA,NA,NA,NA,NA,NA,0,0,NA,NA,NA,NA,0,NA,0,NA,NA,NA,NA,NA,NA,NA,NA,0,NA,0,NA
40469,2011-05-16 15:48:07,2011-05-16 16:04:51,1,1,100,NA,1,1,NA,NA,1,NA,NA,1,2,2,0,2,1,2,1,1,1,1,1,0,1,1,2,1,0,0,1,2,0,2
201798,2011-05-16 15:45:27,2011-05-16 16:05:23,1,1,100,1,1,1,NA,1,1,NA,1,2,1,2,1,2,2,2,2,2,1,2,1,2,2,1,1,0,1,1,1,1,0,1
1243458,2011-05-16 15:53:27,2011-05-16 16:07:05,1,1,100,1,1,1,NA,1,NA,1,NA,1,1,0,0,1,1,1,1,1,1,0,0,0,1,0,1,1,1,0,0,1,0,1
1206812,2011-05-16 15:53:37,2011-05-16 16:08:53,1,1,100,1,1,1,NA,NA,1,NA,NA,2,1,1,1,2,2,2,2,2,2,2,2,2,2,0,1,2,2,0,0,0,2,2
1271667,2011-05-16 15:59:58,2011-05-16 16:09:38,1,1,100,1,1,NA,NA,1,1,1,1,1,0,0,1,0,2,2,2,1,0,1,2,0,0,0,0,2,2,0,0,0,1,0
668870,2011-05-16 15:58:31,2011-05-16 16:10:29,1,1,100,1,NA,NA,NA,NA,1,NA,NA,2,1,0,0,1,2,2,2,0,2,2,2,1,2,1,0,1,0,0,1,1,1,1
1003152,2011-05-16 15:59:10,2011-05-16 16:10:55,1,1,92,1,NA,NA,NA,NA,NA,NA,NA,2,2,0,0,1,2,1,1,2,2,2,1,1,2,2,2,2,0,0,0,1,1,1
675138,2011-05-16 16:03:15,2011-05-16 16:11:17,1,1,81,NA,NA,NA,NA,NA,NA,NA,1,0,0,0,1,0,2,0,1,0,1,0,1,2,1,0,1,1,2,1,0,1,1,2
656029,2011-05-16 15:57:43,2011-05-16 16:13:38,1,1,91,1,1,1,1,NA,NA,1,NA,2,2,1,0,1,1,1,1,0,0,1,0,0,1,0,1,0,1,0,0,NA,0,2
1220761,2011-05-16 16:04:10,2011-05-16 16:14:19,1,1,100,1,1,NA,NA,1,1,1,NA,1,2,2,1,2,2,1,2,1,2,2,2,1,2,1,2,2,1,1,1,2,0,2
529628,2011-05-16 16:09:00,2011-05-16 16:15:51,1,1,100,1,1,1,NA,1,NA,NA,NA,2,2,1,2,2,2,2,2,2,1,2,2,0,2,0,2,2,0,0,0,2,1,2
1097546,2011-05-16 16:06:56,2011-05-16 16:16:32,1,1,91,NA,1,1,NA,NA,NA,1,NA,1,1,2,1,2,2,1,2,1,0,0,0,1,2,0,1,1,1,1,1,0,1,0
605002,2011-05-16 15:37:55,2011-05-16 16:20:15,1,1,100,1,1,1,1,1,1,1,1,1,1,1,1,1,1,1,1,1,1,1,1,1,1,1,1,0,1,1,1,1,1,1
588137,2011-05-16 16:11:02,2011-05-16 16:21:25,1,1,100,1,NA,NA,NA,NA,1,1,1,2,2,2,1,1,2,1,2,2,2,2,2,2,2,2,2,0,2,2,2,2,1,2
1234113,2011-05-16 16:13:42,2011-05-16 16:22:08,1,1,100,NA,1,1,NA,1,1,NA,NA,1,2,1,2,2,NA,NA,NA,NA,NA,NA,1,NA,NA,NA,NA,NA,NA,NA,NA,NA,1,NA
1091488,2011-05-16 16:15:33,2011-05-16 16:24:46,1,1,100,1,1,1,1,NA,NA,NA,NA,2,2,1,2,2,2,2,2,2,2,2,2,0,2,1,1,2,0,1,0,1,1,2
473223,2011-05-16 16:13:02,2011-05-16 16:24:55,1,1,100,NA,1,1,NA,1,1,NA,NA,0,2,2,2,2,1,2,0,1,2,1,0,0,2,2,1,0,0,2,2,2,1,2
555173,2011-05-16 16:08:19,2011-05-16 16:26:35,1,1,100,1,1,1,NA,NA,1,1,1,2,2,1,1,1,2,1,2,2,1,2,0,1,2,1,2,1,2,0,0,2,0,2
1084779,2011-05-16 16:18:46,2011-05-16 16:27:01,1,1,85,1,NA,1,1,NA,1,NA,NA,2,1,0,0,2,2,1,2,2,1,1,0,0,2,1,1,0,0,0,0,2,1,2
1616858,2011-05-16 16:15:28,2011-05-16 16:27:20,1,1,100,1,1,1,NA,1,NA,1,NA,1,2,2,2,2,1,1,2,1,1,2,2,2,2,2,2,0,2,2,2,2,1,2
1267156,2011-05-16 16:15:01,2011-05-16 16:29:23,1,1,93,NA,1,1,NA,NA,NA,NA,NA,1,1,0,0,0,NA,NA,NA,1,1,NA,NA,1,NA,1,1,1,NA,NA,0,0,NA,1
1265111,2011-05-16 16:22:10,2011-05-16 16:31:13,1,1,100,1,NA,NA,NA,1,1,NA,NA,1,1,0,1,1,2,1,2,2,0,1,2,2,2,2,2,1,1,0,0,1,0,1
246961,2011-05-16 16:23:09,2011-05-16 16:31:30,1,1,90,1,1,NA,NA,NA,NA,NA,NA,2,2,2,2,1,1,2,2,1,1,2,2,1,2,0,0,1,1,0,0,0,0,0
1178882,2011-05-16 16:17:22,2011-05-16 16:31:57,1,1,99,1,1,1,NA,1,NA,1,1,0,0,0,0,1,1,1,2,1,1,2,0,0,1,1,1,1,1,1,0,0,1,1
108210,2011-05-16 16:09:44,2011-05-16 16:31:58,1,1,100,NA,1,NA,NA,NA,NA,NA,NA,1,2,0,0,0,2,1,0,2,0,0,1,0,2,1,1,1,0,0,2,2,1,2
1248461,2011-05-16 16:23:59,2011-05-16 16:33:06,1,1,100,1,1,1,1,1,1,1,1,1,0,0,0,2,1,2,2,1,0,0,0,0,2,0,0,0,0,0,1,0,1,1
1237166,2011-05-16 16:06:05,2011-05-16 16:33:50,1,1,100,1,1,1,NA,NA,NA,1,NA,0,0,1,0,1,2,1,2,1,0,1,0,0,2,0,0,0,1,0,0,0,0,0
1619955,2011-05-16 16:24:58,2011-05-16 16:35:47,1,1,100,1,NA,1,NA,NA,1,1,1,NA,NA,NA,NA,NA,NA,NA,NA,NA,NA,NA,NA,NA,NA,NA,NA,0,NA,NA,NA,NA,NA,NA
988451,2011-05-16 16:25:25,2011-05-16 16:37:14,1,1,40,1,1,1,NA,NA,NA,NA,NA,1,2,0,1,0,1,1,2,1,0,1,0,2,1,2,2,0,0,0,0,2,0,2
1261272,2011-05-16 16:24:46,2011-05-16 16:39:50,1,1,50,1,NA,NA,NA,1,1,NA,NA,0,1,2,0,2,2,0,1,2,0,1,1,1,1,2,2,0,1,0,0,1,0,1
1250659,2011-05-16 14:22:27,2011-05-16 16:40:43,1,1,82,1,1,NA,NA,1,NA,1,NA,1,0,0,0,0,1,1,2,2,0,2,2,0,2,0,0,1,1,1,2,2,0,1
1087541,2011-05-16 16:25:52,2011-05-16 16:41:23,1,1,100,1,1,NA,NA,1,NA,1,1,1,2,2,2,2,2,2,2,2,2,2,2,2,2,2,2,0,2,2,2,2,1,2
85723,2011-05-16 16:26:44,2011-05-16 16:41:33,1,1,92,1,1,1,NA,1,1,1,NA,1,2,1,0,1,1,1,2,0,0,1,1,0,0,0,1,1,0,0,0,2,1,2
1262345,2011-05-16 16:31:50,2011-05-16 16:44:39,1,1,100,1,1,1,1,NA,1,NA,NA,NA,NA,0,1,NA,NA,NA,NA,NA,NA,NA,NA,NA,NA,0,0,1,NA,1,1,NA,NA,NA
1601577,2011-05-16 16:34:17,2011-05-16 16:47:52,1,1,97,1,1,NA,NA,NA,NA,1,NA,NA,NA,1,0,NA,2,NA,NA,NA,NA,1,0,2,NA,1,0,NA,NA,NA,0,NA,NA,NA
1670011,2011-05-16 16:40:59,2011-05-16 16:50:15,1,1,95,1,1,NA,1,NA,1,1,1,2,2,0,1,2,2,1,2,2,1,1,1,0,2,0,2,2,0,0,0,1,0,2
1239706,2011-05-16 16:39:07,2011-05-16 16:50:57,1,1,81,1,1,1,NA,NA,1,NA,NA,2,2,1,0,2,2,2,2,2,1,1,1,1,2,1,1,0,2,0,0,1,0,2
376605,2011-05-16 16:39:56,2011-05-16 16:51:31,1,1,100,1,1,1,NA,1,1,1,1,1,2,1,0,2,1,1,1,2,2,1,0,2,2,0,2,1,2,1,0,2,0,2
1100437,2011-05-16 16:35:36,2011-05-16 16:51:32,1,1,33,1,1,1,1,1,NA,1,NA,2,2,0,0,2,2,2,2,2,2,2,1,2,0,1,2,2,2,1,1,2,1,2
1236306,2011-05-16 16:19:13,2011-05-16 16:51:36,1,1,100,1,1,1,1,1,1,1,1,0,NA,0,NA,0,NA,0,NA,2,1,NA,0,1,NA,0,NA,NA,NA,0,NA,NA,NA,NA
206153,2011-05-16 16:40:00,2011-05-16 16:52:37,1,1,100,1,1,1,NA,NA,NA,NA,NA,NA,NA,NA,NA,NA,NA,NA,NA,NA,NA,NA,NA,NA,NA,NA,NA,NA,NA,NA,NA,NA,NA,NA
1232219,2011-05-16 16:37:17,2011-05-16 16:53:10,1,1,75,1,1,NA,NA,NA,1,1,NA,1,2,1,0,1,2,2,1,2,1,1,1,2,2,1,2,2,1,1,0,1,0,2
1097995,2011-05-16 16:36:29,2011-05-16 16:53:45,1,1,91,1,1,1,1,NA,NA,NA,NA,NA,NA,0,0,NA,NA,NA,NA,NA,1,NA,NA,1,NA,0,1,2,1,0,NA,1,NA,NA
1621679,2011-05-16 16:37:27,2011-05-16 16:54:08,1,1,81,1,1,1,1,1,NA,1,NA,1,1,1,1,2,2,2,1,0,2,0,0,1,2,1,0,0,0,1,1,1,0,1
374009,2011-05-16 16:13:29,2011-05-16 16:54:27,1,1,100,1,NA,NA,NA,NA,1,1,NA,2,2,0,0,2,1,2,0,1,0,1,0,1,2,1,2,0,0,0,0,1,1,0
480859,2011-05-16 16:43:27,2011-05-16 16:55:21,1,1,71,NA,1,1,NA,NA,NA,NA,NA,1,1,0,1,1,2,1,2,1,1,1,2,2,2,0,0,2,1,0,0,0,0,0
1267714,2011-05-16 16:36:05,2011-05-16 16:56:03,1,1,99,1,1,1,NA,1,1,1,1,2,NA,0,0,2,2,1,NA,2,2,NA,NA,1,NA,1,0,NA,1,NA,1,NA,NA,2
1259821,2011-05-16 16:41:20,2011-05-16 16:56:39,1,1,93,1,1,1,1,1,1,NA,NA,1,1,0,0,2,2,2,2,2,2,1,2,0,2,1,2,1,1,1,1,1,1,2
1235888,2011-05-16 16:48:30,2011-05-16 16:59:49,1,1,100,1,NA,1,NA,1,NA,NA,NA,0,2,0,0,2,2,1,0,0,2,0,1,0,2,0,1,0,2,2,0,2,1,2
631272,2011-05-16 16:54:30,2011-05-16 17:03:36,1,1,76,1,1,NA,1,NA,NA,NA,NA,1,2,2,1,0,2,0,1,1,2,1,1,2,2,0,2,2,1,1,0,0,0,1
898476,2011-05-16 16:49:37,2011-05-16 17:03:38,1,1,100,1,NA,NA,NA,NA,1,1,1,1,1,0,0,2,2,2,2,1,1,2,1,0,2,0,1,0,2,1,1,1,0,2
1122700,2011-05-16 16:41:41,2011-05-16 17:03:58,1,1,99,1,1,NA,NA,1,1,NA,NA,1,2,0,0,1,2,2,2,1,2,1,1,0,2,1,1,2,0,0,0,0,2,2
1621679,2011-05-16 16:54:24,2011-05-16 17:04:19,1,1,79,1,1,1,1,1,NA,1,NA,1,1,1,1,2,2,2,2,0,1,0,0,0,2,1,0,0,0,1,1,1,0,0
686187,2011-05-16 16:48:49,2011-05-16 17:04:25,1,1,100,1,1,1,NA,NA,1,1,NA,1,1,0,0,1,1,2,0,2,0,2,2,0,2,0,0,1,1,1,2,2,1,1
1248805,2011-05-16 16:53:28,2011-05-16 17:08:21,1,1,100,1,1,1,NA,1,NA,1,NA,0,1,0,0,2,2,2,2,2,1,1,1,0,2,0,1,1,0,0,0,0,1,1
1243602,2011-05-16 16:59:14,2011-05-16 17:08:46,1,1,50,1,1,NA,NA,1,NA,NA,NA,1,1,1,0,2,2,2,2,2,1,0,1,1,1,1,0,2,1,2,0,1,1,1
605883,2011-05-16 17:06:55,2011-05-16 17:17:26,1,1,100,1,1,1,1,1,1,NA,1,1,2,2,2,0,1,1,1,2,1,0,0,1,1,2,2,1,1,2,0,2,0,2
1037229,2011-05-16 17:02:30,2011-05-16 17:17:32,1,1,50,NA,1,NA,NA,NA,NA,NA,NA,NA,NA,NA,NA,NA,NA,NA,NA,NA,NA,NA,0,0,NA,0,0,NA,NA,0,0,NA,0,NA
610274,2011-05-16 17:11:57,2011-05-16 17:23:25,1,1,100,1,NA,NA,1,1,NA,NA,NA,1,2,0,0,1,2,2,1,2,1,0,1,0,1,0,2,2,0,0,1,2,2,2
1269198,2011-05-16 17:11:49,2011-05-16 17:23:49,1,1,100,1,1,1,NA,1,1,1,1,NA,2,NA,1,NA,NA,NA,NA,NA,NA,NA,NA,2,NA,NA,NA,0,NA,1,2,NA,0,NA
995568,2011-05-16 17:18:01,2011-05-16 17:32:55,1,1,100,1,NA,NA,NA,NA,NA,1,NA,0,0,0,0,1,0,1,0,0,0,1,0,0,0,0,0,1,0,0,0,0,1,0
1210923,2011-05-16 17:20:41,2011-05-16 17:33:04,1,1,100,1,1,1,NA,NA,1,NA,NA,1,2,1,2,1,2,1,2,1,0,2,2,1,2,2,2,1,2,2,2,2,0,0
565610,2011-05-16 17:23:53,2011-05-16 17:33:05,1,1,58,1,1,1,NA,NA,NA,1,NA,NA,NA,NA,0,NA,NA,NA,NA,NA,NA,NA,0,NA,NA,0,NA,NA,NA,0,NA,NA,0,NA
696956,2011-05-16 17:21:59,2011-05-16 17:33:38,1,1,100,1,1,1,NA,NA,1,NA,NA,1,0,0,0,2,2,2,2,1,1,0,0,0,1,0,0,1,0,0,0,0,0,0
917244,2011-05-16 17:22:19,2011-05-16 17:36:21,1,1,100,1,1,NA,NA,NA,1,NA,NA,2,2,2,2,1,2,2,2,2,1,2,2,2,1,2,2,0,2,2,2,2,2,2
1203725,2011-05-16 17:16:41,2011-05-16 17:36:56,1,1,100,1,NA,NA,NA,1,1,NA,NA,0,1,1,0,0,1,1,1,1,0,1,1,1,0,0,1,0,0,0,0,1,0,1
1264124,2011-05-16 17:22:04,2011-05-16 17:37:03,1,1,100,1,1,1,1,1,1,1,1,1,0,0,0,1,2,1,2,2,0,1,0,0,2,0,0,2,2,2,1,1,0,2
1677179,2011-05-16 17:10:18,2011-05-16 17:37:07,1,1,100,1,1,1,NA,1,1,1,NA,1,2,1,1,0,2,0,0,0,0,0,0,0,0,1,0,0,0,0,1,0,0,2
1276660,2011-05-16 17:23:37,2011-05-16 17:37:59,1,1,100,1,NA,NA,NA,1,NA,1,NA,1,2,0,1,1,1,1,1,1,0,1,1,1,1,0,0,1,1,1,0,2,1,1
629162,2011-05-16 17:28:38,2011-05-16 17:39:27,1,1,91,1,1,1,NA,NA,1,NA,NA,1,2,2,0,1,2,1,1,2,1,2,2,2,2,2,1,1,1,0,0,0,0,1
851721,2011-05-16 17:30:06,2011-05-16 17:40:16,1,1,100,NA,NA,1,NA,1,NA,NA,NA,2,1,2,1,1,2,1,2,0,2,1,1,1,2,0,0,2,0,1,0,1,1,1
1122309,2011-05-16 17:27:17,2011-05-16 17:41:50,1,1,50,1,1,NA,NA,NA,1,1,1,0,2,1,0,1,1,0,1,1,2,2,0,2,2,0,0,2,2,0,0,2,1,2
1121125,2011-05-16 17:35:44,2011-05-16 17:44:51,1,1,100,1,1,1,1,1,1,1,NA,0,2,0,1,1,2,2,2,1,1,0,0,0,2,1,1,1,0,0,1,2,0,2
1271170,2011-05-16 17:35:59,2011-05-16 17:46:21,1,1,100,1,1,1,1,NA,NA,NA,NA,1,0,2,2,1,1,1,1,0,0,1,0,2,1,2,0,0,1,0,0,0,0,0
1247643,2011-05-16 17:39:12,2011-05-16 17:46:29,1,1,100,1,1,1,NA,NA,1,NA,NA,0,2,1,1,0,1,0,1,0,2,2,2,2,2,1,1,1,1,0,0,0,1,2
669347,2011-05-16 17:36:33,2011-05-16 17:46:48,1,1,100,1,1,NA,NA,NA,1,1,1,2,2,0,1,2,2,1,2,2,2,0,2,1,2,0,1,1,1,0,0,1,1,2
98951,2011-05-16 17:40:40,2011-05-16 17:48:05,1,1,100,NA,1,1,NA,NA,NA,NA,NA,2,2,0,1,2,2,2,2,2,1,2,2,1,2,1,2,1,2,2,0,1,2,2
784628,2011-05-16 17:37:14,2011-05-16 17:53:45,1,1,95,1,1,NA,NA,NA,NA,NA,NA,2,1,0,0,2,2,1,2,2,1,1,0,0,1,0,0,0,1,0,0,0,1,1
1263912,2011-05-16 17:41:14,2011-05-16 17:54:51,1,1,100,NA,1,1,NA,1,NA,1,NA,2,2,2,2,2,2,2,2,2,2,2,2,2,2,2,2,0,2,2,2,2,2,2
717005,2011-05-16 17:47:07,2011-05-16 17:56:33,1,1,100,NA,1,1,1,1,NA,NA,NA,2,1,0,0,2,2,2,2,0,2,2,2,2,2,0,0,1,1,1,0,1,1,1
794106,2011-05-16 17:41:27,2011-05-16 17:57:32,1,1,98,NA,1,NA,NA,1,NA,1,NA,2,0,1,0,2,2,2,2,2,2,1,1,0,2,0,1,2,1,0,0,0,2,2
1261910,2011-05-16 17:45:29,2011-05-16 18:00:38,1,1,100,1,NA,NA,NA,NA,1,1,1,0,0,2,1,2,1,2,1,1,2,2,2,1,2,1,1,0,1,1,1,1,2,2
640942,2011-05-16 17:54:50,2011-05-16 18:02:36,1,1,100,1,1,1,1,1,1,1,1,1,1,1,2,2,1,0,1,0,2,1,1,1,2,2,0,0,0,0,2,2,0,1
1619575,2011-05-16 17:50:55,2011-05-16 18:04:13,1,1,18,1,NA,NA,NA,1,NA,NA,1,1,1,0,0,1,2,2,2,1,2,1,1,2,2,1,1,2,0,0,1,2,1,2
1257335,2011-05-16 17:59:14,2011-05-16 18:11:15,1,1,99,1,1,NA,NA,NA,1,1,1,0,2,2,0,2,2,0,0,2,2,2,1,1,2,1,1,0,1,1,0,2,0,2
988183,2011-05-16 18:03:10,2011-05-16 18:11:47,1,1,90,1,1,NA,NA,NA,1,NA,NA,NA,NA,NA,NA,NA,NA,NA,NA,NA,NA,NA,NA,NA,NA,NA,NA,0,NA,NA,1,NA,1,NA
401365,2011-05-16 18:01:34,2011-05-16 18:12:47,1,1,100,1,NA,NA,1,1,NA,NA,NA,0,1,0,0,1,2,1,1,0,0,0,1,0,0,0,0,1,0,1,1,0,1,1
1262680,2011-05-16 17:57:36,2011-05-16 18:13:17,1,1,100,1,1,1,1,1,1,1,1,2,2,0,0,2,2,2,2,2,2,1,1,0,2,0,2,0,0,0,1,1,0,2
1596034,2011-05-16 17:52:33,2011-05-16 18:15:12,1,1,100,1,1,1,NA,1,1,1,1,2,2,2,1,2,2,1,1,2,2,2,2,2,2,1,2,0,2,2,2,2,2,2
981009,2011-05-16 18:05:35,2011-05-16 18:16:03,1,1,100,NA,1,1,1,NA,NA,NA,NA,2,2,2,0,1,2,2,2,2,1,0,2,0,2,1,1,1,2,0,0,1,0,1
984380,2011-05-16 17:58:24,2011-05-16 18:16:12,1,1,100,1,1,NA,NA,1,1,1,NA,NA,NA,1,NA,NA,NA,NA,NA,NA,NA,NA,NA,NA,NA,1,NA,0,1,1,1,NA,1,NA
608445,2011-05-16 18:09:28,2011-05-16 18:20:08,1,1,100,1,1,1,1,NA,NA,1,1,1,0,2,0,2,1,2,1,0,1,1,2,0,2,2,2,2,0,0,1,1,0,0
1190126,2011-05-16 17:56:17,2011-05-16 18:24:04,1,1,71,1,NA,NA,NA,1,1,1,1,1,1,1,0,0,2,0,2,0,1,1,1,1,2,1,1,1,2,2,0,0,1,0
1286073,2011-05-16 18:16:10,2011-05-16 18:24:47,1,1,86,1,1,1,NA,NA,NA,NA,1,1,1,1,1,1,2,1,1,0,0,0,1,1,2,0,0,2,2,0,0,1,1,0
1088268,2011-05-16 18:14:34,2011-05-16 18:27:33,1,1,100,1,1,1,NA,1,NA,NA,NA,0,2,1,0,2,2,2,2,2,1,1,1,2,2,1,1,0,0,0,0,1,0,1
1227665,2011-05-16 18:15:21,2011-05-16 18:29:20,1,1,100,1,1,NA,1,1,1,NA,NA,1,1,0,0,NA,NA,NA,1,0,NA,1,1,0,2,NA,1,NA,1,0,NA,NA,1,NA
764884,2011-05-16 14:07:59,2011-05-16 18:33:14,1,1,100,1,1,1,NA,1,1,1,NA,2,2,2,1,2,2,2,2,1,2,2,1,1,2,2,2,0,2,2,1,2,0,2
1622857,2011-05-16 18:28:24,2011-05-16 18:36:31,1,1,100,1,NA,NA,NA,NA,NA,NA,1,2,1,1,1,2,2,1,2,2,2,2,1,1,2,0,0,2,1,0,0,0,2,1
1257275,2011-05-16 18:13:03,2011-05-16 18:36:49,1,1,100,1,NA,NA,NA,1,1,1,1,NA,NA,NA,NA,NA,NA,NA,NA,NA,NA,NA,NA,NA,NA,NA,NA,NA,NA,NA,NA,NA,0,NA
306108,2011-05-16 18:20:12,2011-05-16 18:37:01,1,1,76,1,1,NA,NA,NA,1,NA,1,1,1,1,1,0,1,0,2,2,0,0,2,1,0,1,1,1,2,2,2,0,0,1
628670,2011-05-16 18:29:47,2011-05-16 18:38:42,1,1,81,1,1,1,1,1,NA,1,NA,1,NA,1,0,NA,NA,NA,NA,1,2,NA,0,1,1,0,0,2,0,1,0,2,0,2
1080165,2011-05-16 18:27:33,2011-05-16 18:42:42,1,1,75,1,1,1,NA,NA,1,1,1,1,2,0,1,2,1,0,1,0,0,2,0,0,2,0,0,0,2,0,0,1,0,2
874639,2011-05-16 18:20:27,2011-05-16 18:44:17,1,1,95,1,1,1,1,1,1,1,1,0,2,0,0,1,0,1,2,2,0,1,1,1,2,0,1,1,0,1,0,2,0,2
628954,2011-05-16 18:31:49,2011-05-16 18:45:48,1,1,100,1,1,1,1,1,NA,NA,NA,2,0,0,0,2,2,1,1,0,1,1,0,0,2,0,0,2,1,0,0,0,2,1
596519,2011-05-16 18:35:11,2011-05-16 18:48:11,1,1,98,1,1,1,1,1,1,NA,NA,0,1,0,1,2,1,1,0,1,0,0,0,1,0,2,1,0,1,0,0,1,0,1
718154,2011-05-16 18:26:16,2011-05-16 18:48:20,1,1,100,1,1,1,NA,1,1,1,NA,1,1,1,0,2,0,2,1,2,1,1,0,0,1,2,1,0,0,0,1,1,1,1
1249410,2011-05-16 18:37:41,2011-05-16 18:51:08,1,1,91,1,1,1,1,1,1,1,NA,1,2,0,0,2,2,1,1,2,1,1,1,1,2,0,0,1,1,0,0,2,1,2
1278805,2011-05-16 18:34:15,2011-05-16 18:52:02,1,1,100,1,1,1,1,1,1,1,NA,1,1,2,0,1,1,1,0,2,0,0,1,0,0,0,0,1,1,0,0,0,0,0
1068593,2011-05-16 18:43:04,2011-05-16 18:52:30,1,1,100,NA,1,1,NA,NA,NA,NA,NA,NA,NA,2,NA,NA,2,2,2,NA,2,NA,NA,NA,NA,NA,NA,0,NA,NA,2,2,NA,NA
1271658,2011-05-16 18:37:36,2011-05-16 18:52:30,1,1,100,1,1,1,NA,1,NA,NA,NA,0,2,2,1,1,2,2,1,2,0,1,1,1,0,2,1,0,1,0,0,2,0,2
1246769,2011-05-16 18:35:17,2011-05-16 18:52:35,1,1,100,NA,1,1,NA,NA,1,1,1,2,2,2,2,2,2,2,2,2,1,2,2,2,2,2,2,0,2,2,2,2,1,2
353552,2011-05-16 18:39:13,2011-05-16 18:54:08,1,1,100,1,1,1,NA,1,1,1,1,NA,0,NA,NA,NA,NA,1,NA,1,NA,NA,NA,1,2,NA,2,0,2,NA,NA,NA,NA,NA
1234627,2011-05-16 18:46:22,2011-05-16 18:55:01,1,1,95,1,1,NA,NA,1,NA,NA,NA,1,2,1,1,2,2,2,2,2,1,2,2,2,2,1,2,1,2,1,1,2,0,2
1242543,2011-05-16 18:36:35,2011-05-16 18:55:38,1,1,100,1,1,1,NA,1,1,1,1,2,2,2,1,2,2,2,2,2,2,2,2,2,2,2,2,0,2,1,1,2,2,2
1606489,2011-05-16 18:46:27,2011-05-16 18:59:42,1,1,100,1,1,NA,NA,1,1,1,1,2,0,0,0,1,2,1,2,2,0,1,1,0,2,0,0,0,0,0,0,0,1,1
1620732,2011-05-16 18:44:03,2011-05-16 19:00:23,1,1,100,1,NA,1,NA,1,1,1,1,NA,NA,NA,1,NA,NA,NA,NA,NA,NA,NA,NA,NA,NA,NA,NA,0,NA,NA,NA,NA,NA,NA
614874,2011-05-16 18:58:17,2011-05-16 19:09:17,1,1,92,NA,1,NA,1,NA,NA,NA,NA,0,2,1,0,1,1,2,0,0,1,1,2,2,1,2,0,1,1,0,0,2,1,2
1238351,2011-05-16 18:59:37,2011-05-16 19:15:30,1,1,56,NA,1,NA,1,NA,NA,NA,NA,1,2,0,1,2,2,2,2,2,0,0,2,0,0,1,2,0,1,1,1,2,0,2
728455,2011-05-16 19:01:37,2011-05-16 19:19:27,1,1,50,1,1,NA,NA,NA,1,1,1,0,0,0,0,1,1,0,0,1,2,1,0,1,1,0,1,2,1,0,0,0,0,0
1252621,2011-05-16 19:12:48,2011-05-16 19:23:49,1,1,100,1,NA,NA,NA,NA,1,1,NA,1,2,2,1,1,1,1,2,1,1,2,1,1,2,0,1,0,1,1,0,2,0,2
21117,2011-05-16 19:15:34,2011-05-16 19:27:09,1,1,100,1,1,1,NA,NA,NA,NA,NA,0,1,0,1,1,2,2,2,1,1,1,0,1,2,1,1,1,1,0,0,1,0,1
1121594,2011-05-16 19:22:08,2011-05-16 19:30:47,1,1,92,1,NA,NA,NA,1,NA,NA,NA,0,1,0,0,2,2,2,0,0,2,1,2,1,2,1,1,0,0,0,1,0,1,2
1279773,2011-05-16 19:21:23,2011-05-16 19:31:46,1,1,100,1,1,1,NA,NA,1,1,NA,0,2,0,0,1,2,2,2,2,0,0,0,2,1,2,2,2,0,0,0,2,0,2
1661680,2011-05-16 19:15:54,2011-05-16 19:32:30,1,1,50,NA,1,1,NA,NA,NA,NA,NA,1,0,0,0,0,2,2,1,0,2,2,1,1,2,0,0,2,2,1,1,1,0,0
1247045,2011-05-16 18:49:26,2011-05-16 19:33:53,1,1,100,1,1,NA,NA,1,1,1,1,2,2,1,1,2,2,2,1,2,2,1,1,1,2,1,2,0,1,1,1,2,1,2
1119973,2011-05-16 19:14:47,2011-05-16 19:34:24,1,1,100,1,1,1,1,1,1,1,1,1,2,0,0,0,2,1,1,1,1,1,1,0,1,0,0,1,0,0,0,2,1,2
327051,2011-05-16 19:24:07,2011-05-16 19:36:57,1,1,69,1,1,NA,NA,NA,NA,1,NA,2,1,0,0,0,1,0,1,2,1,0,0,1,2,1,2,0,1,0,0,0,0,1
647630,2011-05-16 19:26:28,2011-05-16 19:41:55,1,1,93,1,1,NA,NA,NA,NA,NA,NA,2,2,1,0,1,2,2,2,1,2,2,2,2,2,0,0,1,2,1,2,2,2,2
1265817,2011-05-16 19:25:45,2011-05-16 19:42:08,1,1,100,NA,NA,1,NA,1,1,NA,NA,NA,NA,NA,NA,NA,NA,NA,NA,NA,NA,NA,NA,NA,NA,NA,NA,NA,NA,NA,NA,NA,NA,NA
471529,2011-05-16 19:37:09,2011-05-16 19:48:26,1,1,100,1,1,1,NA,NA,NA,NA,NA,0,2,2,0,1,2,2,2,2,2,2,2,0,2,2,2,1,2,2,0,2,0,0
479744,2011-05-16 19:37:02,2011-05-16 19:49:22,1,1,100,1,1,1,NA,1,1,1,1,2,2,2,1,2,2,2,2,2,2,2,1,1,2,2,2,0,2,2,2,2,1,2
86332,2011-05-16 19:36:34,2011-05-16 19:50:07,1,1,95,1,1,1,1,1,1,1,NA,0,1,0,0,1,2,2,1,1,2,1,0,0,1,1,1,1,0,0,0,2,0,1
1155183,2011-05-16 19:37:08,2011-05-16 19:51:55,1,1,75,NA,1,1,NA,1,NA,NA,NA,2,0,0,0,1,2,1,2,2,1,0,1,1,1,1,1,2,1,0,0,1,1,1
535708,2011-05-16 19:37:30,2011-05-16 19:55:27,1,1,100,1,1,1,NA,1,1,NA,NA,1,2,1,NA,NA,2,2,2,0,0,1,0,0,2,0,1,NA,1,1,NA,2,0,NA
1016364,2011-05-16 19:50:18,2011-05-16 19:57:28,1,1,100,1,1,1,NA,1,NA,1,NA,NA,NA,NA,NA,NA,NA,NA,NA,NA,NA,NA,NA,NA,NA,NA,NA,0,NA,NA,NA,NA,NA,NA
1269963,2011-05-16 19:47:46,2011-05-16 19:59:06,1,1,100,1,1,1,NA,1,1,NA,NA,1,1,2,2,2,1,2,1,1,2,1,2,1,2,2,2,0,2,2,1,1,0,1
1246337,2011-05-16 19:46:10,2011-05-16 19:59:49,1,1,100,1,1,NA,NA,1,1,1,NA,0,1,0,0,1,2,1,1,2,0,2,1,2,1,0,1,2,2,1,0,0,0,0
341057,2011-05-16 19:52:23,2011-05-16 20:00:52,1,1,30,NA,1,1,NA,1,NA,NA,NA,NA,NA,NA,NA,NA,NA,NA,NA,NA,0,NA,NA,NA,NA,NA,NA,NA,NA,NA,0,NA,0,NA
1634850,2011-05-16 19:54:03,2011-05-16 20:01:45,1,1,95,1,NA,NA,NA,NA,NA,NA,NA,NA,2,NA,NA,NA,2,1,2,2,NA,2,2,2,2,NA,NA,2,NA,0,0,NA,0,2
1092217,2011-05-16 19:50:41,2011-05-16 20:02:12,1,1,82,1,1,1,1,NA,1,1,NA,1,2,1,2,2,2,2,2,2,0,2,1,2,2,1,2,0,1,1,2,2,2,2
216193,2011-05-16 19:50:59,2011-05-16 20:05:20,1,1,100,1,1,NA,NA,NA,1,NA,NA,0,2,0,1,0,2,0,2,0,2,1,2,2,2,1,2,2,2,0,0,2,1,2
499362,2011-05-16 19:40:13,2011-05-16 20:05:59,1,1,90,1,1,1,NA,1,1,1,1,1,2,1,1,2,2,1,2,2,2,1,1,1,2,1,2,0,2,1,1,2,1,2
147088,2011-05-16 19:56:00,2011-05-16 20:07:41,1,1,90,1,1,NA,NA,NA,1,NA,NA,1,1,0,0,1,2,2,2,2,0,1,1,1,1,0,1,1,2,0,0,0,1,0
722191,2011-05-16 19:59:10,2011-05-16 20:09:34,1,1,98,1,1,1,NA,1,1,1,NA,2,2,2,0,2,2,2,2,2,1,2,2,1,2,2,2,0,0,0,0,2,2,2
1245599,2011-05-16 19:48:44,2011-05-16 20:10:12,1,1,76,1,NA,NA,NA,NA,1,NA,1,2,2,1,1,2,2,2,2,2,2,2,2,0,2,1,1,2,0,0,0,1,0,1
806061,2011-05-16 20:06:02,2011-05-16 20:10:27,1,1,80,1,1,NA,NA,NA,1,1,1,2,2,2,2,2,2,2,2,2,2,2,2,2,2,2,2,0,2,2,2,2,2,2
1285656,2011-05-16 18:43:20,2011-05-16 20:10:53,1,1,72,NA,1,1,NA,NA,NA,NA,NA,0,1,0,2,0,2,1,2,0,1,1,1,2,1,0,0,2,2,0,1,1,2,1
1233176,2011-05-16 20:01:40,2011-05-16 20:11:33,1,1,100,1,NA,NA,NA,NA,NA,1,1,NA,NA,NA,NA,0,NA,0,NA,0,NA,NA,NA,0,NA,NA,NA,0,0,NA,NA,NA,NA,NA
282676,2011-05-16 20:07:45,2011-05-16 20:17:16,1,1,100,NA,1,1,NA,NA,NA,NA,NA,2,2,2,2,2,2,2,2,2,2,2,2,2,2,2,2,0,2,2,2,2,2,2
36719,2011-05-16 20:06:46,2011-05-16 20:18:46,1,1,100,1,1,1,NA,NA,1,NA,NA,2,0,1,0,0,2,1,2,2,1,0,1,0,1,0,2,2,0,0,0,1,0,0
1241209,2011-05-16 20:05:21,2011-05-16 20:19:33,1,1,100,1,1,1,NA,1,NA,1,NA,2,1,0,0,2,2,2,2,1,0,0,0,0,2,0,0,1,2,0,0,2,1,1
1622279,2011-05-16 20:07:06,2011-05-16 20:22:04,1,1,100,1,1,1,1,NA,1,1,NA,2,2,0,0,1,2,1,1,0,1,0,2,0,1,0,0,2,0,0,0,2,2,2
1294704,2011-05-16 20:05:03,2011-05-16 20:23:30,1,1,92,NA,NA,1,NA,NA,NA,NA,NA,1,2,1,0,1,2,1,2,1,1,2,0,0,2,0,0,1,0,0,0,2,1,2
1235465,2011-05-16 20:14:19,2011-05-16 20:23:58,1,1,100,NA,1,1,NA,NA,NA,NA,NA,2,0,2,2,1,2,2,1,1,0,2,2,1,1,0,0,0,1,1,1,0,0,0
549268,2011-05-16 20:13:50,2011-05-16 20:25:47,1,1,51,1,1,1,NA,NA,1,1,1,2,0,2,1,1,2,2,2,2,2,2,1,0,1,0,2,0,1,1,1,0,0,0
1262844,2011-05-16 20:15:00,2011-05-16 20:26:54,1,1,94,NA,1,1,NA,1,NA,NA,NA,1,2,1,0,0,2,1,1,2,0,0,0,1,1,1,1,0,0,0,1,1,1,2
846931,2011-05-16 20:21:33,2011-05-16 20:33:44,1,1,100,1,NA,NA,NA,NA,1,1,1,NA,NA,NA,NA,NA,NA,NA,NA,NA,NA,NA,NA,NA,NA,NA,NA,0,NA,NA,NA,NA,NA,NA
540973,2011-05-16 20:26:01,2011-05-16 20:35:46,1,1,70,1,1,1,1,1,1,1,1,2,2,1,1,2,2,2,2,2,0,1,1,0,1,1,2,0,0,0,0,2,2,2
1280762,2011-05-16 20:18:16,2011-05-16 20:36:37,1,1,100,NA,1,1,1,NA,NA,NA,NA,2,0,1,0,2,2,2,2,1,2,1,1,1,2,0,1,0,0,0,0,1,1,1
286635,2011-05-16 20:26:36,2011-05-16 20:38:30,1,1,97,NA,1,1,1,NA,1,NA,NA,1,1,0,0,2,2,2,1,0,2,1,0,0,2,0,0,2,0,0,0,0,1,0
1654120,2011-05-16 20:28:27,2011-05-16 20:38:47,1,1,100,NA,1,NA,1,NA,1,1,1,0,1,1,0,1,1,1,1,0,1,1,1,0,1,1,0,2,0,1,1,1,1,0
675189,2011-05-16 20:27:13,2011-05-16 20:38:48,1,1,95,1,1,1,1,NA,NA,NA,NA,2,1,0,0,1,2,1,2,1,1,0,0,0,2,0,0,1,0,0,0,0,0,0
869075,2011-05-16 20:29:15,2011-05-16 20:39:23,1,1,100,1,1,NA,NA,NA,NA,1,NA,1,0,0,1,0,0,1,1,0,1,0,0,0,1,0,1,0,0,0,1,0,0,0
1164095,2011-05-16 20:27:19,2011-05-16 20:41:57,1,1,100,NA,1,1,NA,1,1,NA,NA,2,1,0,0,1,2,1,2,1,1,1,2,1,1,2,1,2,0,1,0,1,0,1
1236651,2011-05-16 20:30:47,2011-05-16 20:43:50,1,1,40,1,1,1,NA,NA,1,NA,1,0,1,1,0,0,2,1,0,2,1,1,0,2,1,1,1,1,0,0,1,1,0,1
872216,2011-05-16 20:36:48,2011-05-16 20:49:18,1,1,100,1,NA,NA,NA,NA,1,1,1,2,2,2,2,2,2,2,2,2,2,2,2,2,2,2,2,0,2,2,2,2,1,2
701905,2011-05-16 20:34:31,2011-05-16 20:50:04,1,1,100,1,1,NA,NA,1,NA,NA,NA,1,2,1,1,2,2,1,1,1,0,1,2,2,2,2,1,2,2,1,2,2,2,2
1244831,2011-05-16 20:47:44,2011-05-16 20:50:47,1,1,100,1,1,NA,NA,1,1,1,NA,NA,NA,NA,NA,NA,NA,NA,NA,NA,NA,NA,NA,NA,NA,NA,NA,NA,NA,NA,NA,NA,NA,NA
1239256,2011-05-16 20:42:32,2011-05-16 20:57:45,1,1,25,1,NA,NA,NA,1,1,1,1,0,2,0,1,0,0,2,2,1,1,1,1,0,1,1,1,2,1,0,1,2,0,2
1237983,2011-05-16 20:43:03,2011-05-16 20:59:45,1,1,100,1,1,1,1,1,1,1,1,1,2,1,1,1,2,1,2,1,1,2,1,1,2,2,1,1,1,2,0,2,1,2
1675051,2011-05-16 20:45:26,2011-05-16 21:00:16,1,1,100,1,1,1,1,1,1,1,1,1,0,1,1,1,1,1,2,0,2,2,2,1,1,1,0,1,1,1,1,0,0,0
1264583,2011-05-16 20:47:26,2011-05-16 21:00:44,1,1,71,1,1,1,1,1,NA,1,NA,0,1,1,1,1,2,2,2,1,0,1,1,0,1,0,0,1,1,0,0,1,0,0
809276,2011-05-16 20:50:32,2011-05-16 21:02:45,1,1,15,1,1,NA,NA,NA,1,1,1,2,1,1,0,1,2,2,2,2,1,2,1,1,2,0,1,0,0,0,0,1,0,0
1081439,2011-05-16 20:49:49,2011-05-16 21:03:21,1,1,100,1,1,1,NA,1,1,1,1,0,2,2,0,2,1,2,2,2,2,1,2,2,2,2,2,0,1,2,1,2,0,2
1249925,2011-05-16 20:53:43,2011-05-16 21:07:11,1,1,100,1,1,1,1,1,1,1,1,0,1,0,0,1,0,1,1,1,1,2,2,0,2,0,1,1,0,0,0,1,1,1
1271910,2011-05-16 21:00:41,2011-05-16 21:14:54,1,1,100,1,1,NA,NA,NA,1,NA,NA,NA,NA,NA,NA,NA,NA,NA,NA,NA,NA,NA,NA,NA,NA,NA,NA,NA,NA,NA,NA,NA,0,NA
612958,2011-05-16 21:03:35,2011-05-16 21:17:04,1,1,19,1,1,NA,NA,NA,NA,1,NA,2,2,2,1,2,2,1,2,2,2,1,2,2,2,1,2,2,2,1,1,1,0,1
474958,2011-05-16 21:06:49,2011-05-16 21:17:57,1,1,100,1,1,1,NA,NA,1,1,NA,2,0,1,1,2,0,2,0,2,2,2,2,2,0,0,1,0,2,2,1,1,2,2
451895,2011-05-16 21:10:25,2011-05-16 21:21:15,1,1,95,1,1,NA,1,1,1,NA,NA,0,2,0,0,1,2,0,2,2,2,2,0,2,2,2,1,2,0,0,0,2,1,2
431918,2011-05-16 21:13:22,2011-05-16 21:22:00,1,1,100,1,1,1,NA,NA,1,1,1,2,2,2,2,2,2,2,2,2,2,2,2,2,2,2,2,0,2,1,2,2,2,2
1280848,2011-05-16 21:11:22,2011-05-16 21:22:21,1,1,90,1,1,1,NA,NA,NA,NA,NA,2,0,0,1,0,2,0,2,1,2,1,1,0,2,1,0,2,1,0,0,0,1,2
1057283,2011-05-16 21:12:57,2011-05-16 21:25:17,1,1,100,1,1,1,1,1,NA,NA,NA,1,2,0,0,2,1,2,1,2,1,1,0,0,2,0,1,1,0,0,2,2,0,1
1122824,2011-05-16 21:15:23,2011-05-16 21:29:33,1,1,71,1,NA,NA,NA,1,NA,1,NA,2,2,0,1,1,2,2,1,1,0,2,1,1,0,1,2,0,1,1,1,1,0,2
809803,2011-05-16 21:09:02,2011-05-16 21:32:10,1,1,91,1,NA,NA,NA,1,1,1,1,2,2,2,2,2,2,2,2,2,2,2,2,2,2,2,2,0,2,2,2,2,1,2
541096,2011-05-16 21:18:06,2011-05-16 21:33:21,1,1,90,1,1,1,NA,1,1,NA,NA,2,2,2,2,2,2,2,2,2,1,2,2,2,2,2,2,0,2,2,2,2,1,2
1235436,2011-05-16 21:20:25,2011-05-16 21:34:43,1,1,100,1,1,1,NA,1,1,1,NA,0,2,2,1,1,0,2,2,0,0,1,1,1,2,2,2,0,0,1,2,2,2,2
1669254,2011-05-16 21:17:46,2011-05-16 21:34:44,1,1,100,NA,1,1,NA,1,NA,1,NA,2,1,2,0,2,2,2,2,2,1,1,2,2,2,0,1,0,1,0,0,0,1,2
799175,2011-05-16 21:18:23,2011-05-16 21:35:18,1,1,100,1,1,1,1,1,1,1,1,0,0,1,1,1,1,0,0,0,0,2,1,2,0,0,0,1,1,0,0,2,1,0
764058,2011-05-16 21:20:49,2011-05-16 21:37:35,1,1,100,NA,1,NA,NA,NA,NA,NA,NA,2,1,0,1,2,2,2,2,2,2,2,2,1,2,0,2,1,1,1,0,1,0,1
663927,2011-05-16 21:33:18,2011-05-16 21:45:26,1,1,5,1,1,NA,NA,NA,1,NA,NA,2,1,0,0,2,2,2,2,2,2,1,1,0,2,1,2,2,0,1,0,0,1,1
1265485,2011-05-16 21:32:32,2011-05-16 21:45:53,1,1,100,NA,NA,1,NA,NA,1,1,NA,2,2,1,1,2,2,2,2,2,2,2,2,2,2,2,NA,0,1,1,1,2,2,2
1261971,2011-05-16 21:35:13,2011-05-16 21:47:43,1,1,100,1,1,1,1,1,1,1,1,2,1,1,0,1,2,2,2,2,1,1,0,1,2,0,0,1,2,0,0,2,0,2
698318,2011-05-16 21:42:29,2011-05-16 21:54:27,1,1,100,1,1,1,1,NA,1,NA,NA,1,0,0,0,2,0,2,1,0,2,1,0,0,2,0,1,2,2,1,1,1,0,0
368857,2011-05-16 21:44:02,2011-05-16 21:58:53,1,1,100,1,1,1,1,1,1,1,NA,1,0,2,0,1,1,1,0,2,1,1,1,0,2,0,0,0,1,1,0,0,1,0
1251999,2011-05-16 21:50:46,2011-05-16 22:01:00,1,1,52,NA,1,NA,NA,NA,NA,NA,NA,2,1,1,0,0,1,1,1,0,0,2,0,0,2,1,1,1,1,0,0,1,0,0
1261420,2011-05-16 21:57:51,2011-05-16 22:15:42,1,1,60,1,1,1,NA,NA,NA,NA,NA,2,2,1,0,1,2,1,2,2,1,2,2,1,2,0,1,0,1,1,0,2,1,2
1255276,2011-05-16 22:05:15,2011-05-16 22:23:47,1,1,75,1,1,1,NA,1,1,1,NA,2,2,1,0,0,2,1,2,2,0,2,2,0,1,2,2,1,1,0,0,0,0,1
1248450,2011-05-16 22:07:09,2011-05-16 22:25:32,1,1,100,1,1,1,NA,1,1,1,1,2,1,1,0,2,2,1,2,2,0,1,1,0,2,1,2,0,0,0,1,1,0,2
843889,2011-05-16 22:15:28,2011-05-16 22:29:13,1,1,100,1,NA,1,1,NA,1,NA,NA,NA,NA,0,0,NA,NA,NA,NA,NA,NA,NA,NA,1,NA,0,0,NA,NA,1,1,NA,NA,NA
624152,2011-05-16 22:23:24,2011-05-16 22:32:05,1,1,100,1,1,1,NA,NA,1,NA,NA,1,1,2,1,0,1,1,1,1,0,0,0,1,1,0,0,1,1,0,1,1,0,1
1625516,2011-05-16 22:24:14,2011-05-16 22:38:08,1,1,99,NA,NA,1,NA,NA,NA,NA,NA,NA,NA,NA,NA,NA,NA,NA,NA,NA,NA,NA,NA,NA,NA,NA,NA,NA,NA,NA,0,NA,NA,NA
1229248,2011-05-16 22:17:23,2011-05-16 22:41:03,1,1,100,1,1,1,NA,1,NA,NA,NA,0,2,1,1,1,2,2,0,0,1,2,2,1,0,2,2,0,1,1,2,2,0,2
1276997,2011-05-16 21:24:11,2011-05-16 22:43:21,1,1,95,1,1,1,NA,1,1,1,1,2,0,0,0,2,2,2,2,1,1,1,2,2,1,0,1,0,2,0,0,0,0,0
1256930,2011-05-16 22:44:44,2011-05-16 22:58:14,1,1,100,NA,1,1,1,1,NA,1,NA,NA,NA,NA,NA,NA,NA,NA,NA,NA,NA,NA,1,0,NA,0,NA,1,0,1,1,NA,NA,NA
362339,2011-05-16 22:32:12,2011-05-16 22:59:04,1,1,100,1,1,NA,1,1,NA,NA,NA,1,1,2,0,2,2,2,2,1,2,2,1,2,2,1,2,1,2,0,1,1,0,1
658291,2011-05-16 22:52:16,2011-05-16 23:01:09,1,1,100,1,1,1,1,1,1,1,1,NA,NA,1,0,NA,NA,NA,NA,NA,2,NA,NA,NA,2,0,NA,2,0,0,NA,0,0,NA
1654847,2011-05-16 22:49:23,2011-05-16 23:04:06,1,1,100,1,1,1,NA,1,1,NA,NA,2,2,2,2,1,1,1,2,1,1,2,2,2,2,1,2,0,2,2,2,2,1,2
1243483,2011-05-16 22:43:56,2011-05-16 23:04:34,1,1,90,1,1,1,NA,1,1,1,NA,2,1,2,1,2,2,1,2,2,1,2,2,2,2,1,2,0,2,1,1,1,1,1
1663751,2011-05-16 23:02:23,2011-05-16 23:08:30,1,1,100,1,NA,NA,1,1,1,NA,1,1,0,0,0,0,0,0,0,0,0,0,2,0,1,1,1,0,1,1,1,0,0,0
726819,2011-05-16 22:46:37,2011-05-16 23:10:22,1,1,100,1,1,1,NA,1,1,1,1,NA,NA,0,NA,2,NA,NA,NA,NA,NA,0,1,NA,1,NA,0,NA,0,1,NA,1,1,NA
738658,2011-05-16 22:59:13,2011-05-16 23:16:18,1,1,100,1,NA,NA,NA,1,1,NA,NA,1,0,0,0,0,1,1,1,2,2,1,0,1,2,2,2,2,1,0,0,0,2,0
37601,2011-05-16 23:06:01,2011-05-16 23:21:13,1,1,50,1,1,NA,NA,NA,NA,1,1,1,2,0,0,2,2,2,2,1,2,1,1,0,1,0,0,1,2,0,0,2,1,2
1676817,2011-05-16 23:16:08,2011-05-16 23:31:54,1,1,53,NA,1,1,NA,1,NA,NA,NA,2,2,2,2,2,1,2,2,2,2,2,2,2,2,2,2,0,2,1,2,2,1,2
774203,2011-05-16 23:33:02,2011-05-16 23:43:54,1,1,90,1,1,1,1,1,NA,1,NA,1,1,1,1,2,2,2,1,2,1,2,1,1,1,1,2,0,1,1,1,1,0,1
1195279,2011-05-16 23:34:45,2011-05-16 23:48:50,1,1,79,1,NA,NA,NA,1,NA,NA,NA,1,1,1,0,1,1,1,2,1,2,1,2,1,1,0,1,1,2,0,0,0,2,1
1191426,2011-05-16 23:46:29,2011-05-16 23:59:32,1,1,90,1,1,NA,1,NA,NA,NA,1,0,1,0,0,2,0,0,1,1,0,0,2,1,0,1,0,1,2,0,0,1,1,1
515469,2011-05-17 00:05:07,2011-05-17 00:15:12,1,1,82,1,NA,1,NA,1,1,NA,NA,2,2,1,0,2,2,2,2,2,0,1,0,1,2,1,1,1,2,1,1,1,0,2
1666273,2011-05-17 00:26:50,2011-05-17 00:36:00,1,1,100,NA,1,1,NA,NA,NA,1,NA,0,2,0,2,1,2,1,1,0,0,0,0,1,0,1,1,2,1,2,1,2,0,2
1250127,2011-05-17 01:43:48,2011-05-17 02:08:50,1,1,29,NA,1,1,NA,NA,1,NA,NA,1,1,1,0,2,2,1,2,2,0,2,1,1,2,2,2,0,0,2,2,2,1,1
1622380,2011-05-17 02:28:02,2011-05-17 02:46:34,1,1,100,1,1,1,1,1,1,1,1,NA,NA,0,0,NA,NA,NA,NA,NA,NA,NA,0,0,NA,0,0,1,0,0,1,2,0,NA
1125932,2011-05-17 05:20:31,2011-05-17 05:29:46,1,1,100,1,1,1,NA,NA,NA,NA,NA,1,0,0,0,1,1,1,1,0,1,1,0,0,1,0,0,2,0,0,0,0,1,0
952882,2011-05-17 05:48:18,2011-05-17 05:56:22,1,1,100,1,NA,1,1,1,1,1,1,2,2,0,0,2,2,1,1,2,2,2,1,1,2,0,0,0,0,0,0,1,2,2
146707,2011-05-17 06:12:58,2011-05-17 06:26:43,1,1,91,1,1,NA,NA,NA,1,NA,NA,2,1,0,0,1,2,1,2,0,1,2,2,1,1,0,0,0,1,1,0,1,0,1
658398,2011-05-17 06:18:47,2011-05-17 06:29:15,1,1,100,1,1,1,1,1,1,1,1,NA,NA,1,0,NA,NA,NA,NA,NA,0,NA,NA,1,NA,0,1,NA,NA,1,0,0,NA,NA
1205651,2011-05-16 20:17:47,2011-05-17 06:36:45,1,1,100,NA,1,1,1,1,NA,1,NA,2,0,0,0,2,1,2,2,1,1,2,1,1,2,2,1,0,0,1,1,1,0,0
834917,2011-05-17 06:29:54,2011-05-17 06:38:43,1,1,100,1,1,1,NA,1,NA,1,NA,NA,NA,NA,NA,NA,NA,NA,NA,NA,NA,NA,NA,NA,NA,NA,NA,NA,NA,NA,NA,NA,NA,NA
1590896,2011-05-17 06:33:33,2011-05-17 06:45:02,1,1,80,1,1,1,NA,NA,NA,NA,NA,1,2,1,1,1,2,1,2,0,0,1,1,2,2,2,2,0,1,1,0,2,1,2
1248928,2011-05-17 06:42:02,2011-05-17 06:54:22,1,1,100,1,1,NA,NA,1,NA,NA,NA,2,2,2,0,2,2,2,2,2,2,2,0,2,2,2,1,2,1,2,0,2,1,2
1000918,2011-05-17 06:48:23,2011-05-17 07:05:20,1,1,100,NA,NA,NA,NA,NA,1,NA,NA,0,2,2,2,1,1,0,2,0,0,1,0,2,1,2,2,0,1,1,1,2,0,2
991658,2011-05-17 06:48:16,2011-05-17 07:05:58,1,1,60,1,1,NA,NA,1,1,NA,1,2,1,2,0,2,2,2,2,2,2,2,1,0,2,0,1,2,1,0,0,1,0,1
1245200,2011-05-17 06:57:35,2011-05-17 07:10:10,1,1,100,1,1,1,1,1,1,1,1,1,2,0,1,0,0,1,1,1,0,1,0,0,2,0,2,2,1,0,1,2,0,2
1281131,2011-05-17 06:51:33,2011-05-17 07:11:51,1,1,100,1,1,1,NA,NA,NA,1,NA,2,2,2,2,2,2,2,2,2,2,2,2,2,2,2,2,0,2,2,2,2,2,2
1241443,2011-05-17 07:01:22,2011-05-17 07:12:25,1,1,90,NA,1,1,NA,NA,1,NA,NA,2,2,2,1,1,1,1,2,2,2,1,1,1,2,2,2,1,0,0,0,1,1,2
1248706,2011-05-17 07:20:21,2011-05-17 07:30:22,1,1,100,1,1,1,NA,1,1,1,1,1,2,1,1,2,2,1,2,1,2,2,2,2,2,2,2,0,1,1,1,1,1,1
1661509,2011-05-17 07:18:44,2011-05-17 07:34:34,1,1,100,NA,1,1,NA,NA,NA,NA,NA,2,2,1,1,2,2,2,2,2,1,2,2,2,2,1,2,0,2,1,1,1,2,1
1529304,2011-05-17 07:28:09,2011-05-17 07:38:37,1,1,17,NA,1,NA,NA,NA,NA,1,NA,NA,NA,0,0,NA,NA,NA,NA,NA,NA,NA,NA,NA,NA,0,NA,0,NA,0,NA,0,NA,NA
613872,2011-05-17 07:29:50,2011-05-17 07:40:18,1,1,100,1,1,1,NA,1,1,NA,NA,1,2,1,1,2,1,2,2,2,2,1,1,2,2,1,1,1,1,2,0,2,0,2
829055,2011-05-16 15:17:56,2011-05-17 07:40:54,1,1,50,1,1,NA,NA,NA,NA,NA,NA,1,2,0,0,1,1,1,2,2,2,2,2,2,1,1,2,1,0,0,1,2,0,2
540000,2011-05-17 07:44:20,2011-05-17 07:54:35,1,1,100,NA,1,1,NA,NA,NA,NA,NA,1,0,2,1,1,2,1,2,2,2,1,1,1,2,0,0,2,2,0,0,0,1,1
1157087,2011-05-17 07:41:22,2011-05-17 07:55:03,1,1,50,NA,NA,NA,NA,1,1,NA,NA,2,2,2,2,2,2,2,2,2,2,2,2,2,2,1,2,0,2,2,1,2,2,2
641604,2011-05-17 07:42:39,2011-05-17 07:56:22,1,1,100,1,NA,NA,NA,NA,1,NA,NA,NA,1,1,0,2,2,0,1,1,2,1,1,2,2,1,1,1,2,1,1,1,0,1
589048,2011-05-17 07:56:29,2011-05-17 08:01:10,1,1,100,NA,NA,1,NA,NA,1,NA,NA,NA,NA,NA,NA,NA,NA,NA,NA,NA,NA,NA,NA,NA,NA,NA,NA,NA,NA,NA,NA,NA,NA,NA
1252222,2011-05-17 07:53:38,2011-05-17 08:02:53,1,1,40,1,1,NA,NA,NA,1,NA,NA,2,2,2,2,2,2,2,2,2,2,2,2,2,2,2,2,0,2,2,2,2,2,2
1232301,2011-05-17 07:53:31,2011-05-17 08:05:27,1,1,100,1,1,1,1,1,1,1,1,2,2,1,1,2,1,2,1,2,1,1,0,2,2,1,2,1,1,1,1,2,1,2
408121,2011-05-17 07:52:58,2011-05-17 08:06:36,1,1,100,1,1,1,NA,1,NA,NA,NA,1,1,0,0,1,2,0,0,1,1,1,1,1,2,0,0,1,0,0,0,2,0,2
1236002,2011-05-17 07:52:40,2011-05-17 08:09:48,1,1,100,1,1,1,1,1,1,1,1,0,2,0,0,2,2,2,2,2,1,2,0,2,2,1,1,1,0,0,1,0,0,0
1249178,2011-05-17 07:55:48,2011-05-17 08:12:15,1,1,69,1,1,NA,NA,1,1,1,1,2,2,0,2,2,2,1,1,2,2,1,2,2,2,0,2,2,2,2,2,2,0,2
1620325,2011-05-17 08:19:02,2011-05-17 08:39:03,1,1,100,1,1,1,NA,NA,1,NA,NA,NA,NA,NA,0,NA,NA,NA,NA,NA,NA,NA,NA,NA,NA,NA,NA,NA,NA,NA,1,NA,NA,NA
996144,2011-05-17 08:37:00,2011-05-17 08:47:52,1,1,100,1,1,1,1,1,1,1,1,0,1,1,0,1,2,1,1,2,1,2,0,0,1,1,0,0,0,0,0,1,0,1
1003818,2011-05-17 08:32:20,2011-05-17 08:48:12,1,1,100,NA,NA,1,1,1,1,NA,NA,1,2,0,0,2,1,2,2,0,2,1,0,0,2,0,0,1,1,0,0,1,1,2
1235725,2011-05-17 08:51:12,2011-05-17 09:03:06,1,1,100,1,1,1,NA,1,1,1,1,NA,0,NA,0,NA,NA,NA,NA,NA,NA,NA,NA,NA,NA,NA,0,NA,NA,0,0,NA,0,0
1250133,2011-05-17 08:55:46,2011-05-17 09:04:21,1,1,100,1,1,1,1,1,1,1,1,0,2,1,0,0,2,2,0,0,2,0,1,0,1,0,0,0,1,1,2,2,1,2
1263037,2011-05-17 09:14:49,2011-05-17 09:26:49,1,1,100,1,1,1,1,1,1,1,1,1,2,0,1,1,2,1,2,1,2,2,1,2,2,0,2,2,1,0,0,2,0,2
1261797,2011-05-17 09:18:38,2011-05-17 09:28:08,1,1,100,1,1,1,1,1,1,1,1,0,2,0,0,1,1,1,1,0,2,0,1,0,2,0,2,1,0,0,1,1,0,1
1264376,2011-05-17 09:40:42,2011-05-17 09:51:40,1,1,95,1,1,1,NA,1,1,NA,NA,0,2,0,1,2,2,2,2,1,2,0,0,1,0,1,0,0,0,0,1,2,1,2
1603028,2011-05-17 10:04:29,2011-05-17 10:13:25,1,1,100,NA,NA,NA,1,NA,NA,NA,NA,0,1,0,1,1,2,1,2,0,0,0,1,0,0,1,2,2,0,0,0,1,0,1
397950,2011-05-17 10:24:25,2011-05-17 10:36:28,1,1,94,1,1,1,NA,1,1,NA,1,1,1,0,0,1,2,1,0,1,1,1,0,0,1,0,0,0,0,0,0,0,0,1
1231695,2011-05-17 10:38:33,2011-05-17 10:48:00,1,1,100,1,1,NA,NA,NA,NA,1,1,2,2,0,1,2,2,2,2,2,2,2,1,0,2,1,1,0,0,2,1,2,2,2
1256115,2011-05-17 10:43:25,2011-05-17 10:55:07,1,1,100,NA,1,1,1,NA,1,NA,NA,0,2,0,0,1,2,2,1,2,0,1,1,1,2,0,1,0,1,2,1,2,0,2
501333,2011-05-17 10:52:30,2011-05-17 11:00:38,1,1,50,1,1,NA,NA,NA,NA,NA,NA,0,1,1,0,1,2,1,1,2,2,1,2,0,0,1,0,0,0,0,0,0,0,0
1182819,2011-05-17 10:56:28,2011-05-17 11:07:37,1,1,29,1,1,NA,1,NA,1,1,1,1,1,2,1,1,2,2,1,1,0,0,0,1,0,1,0,0,2,1,1,1,1,1
98116,2011-05-17 10:48:06,2011-05-17 11:17:43,1,1,100,1,1,1,1,NA,1,NA,NA,1,2,0,0,1,0,0,0,1,1,0,0,0,1,0,1,2,0,0,0,2,1,2
1090257,2011-05-17 11:12:56,2011-05-17 11:23:08,1,1,100,1,1,NA,NA,NA,1,1,NA,2,2,0,1,1,2,1,2,2,0,0,1,0,1,1,0,0,0,0,0,1,0,1
1591361,2011-05-17 11:19:00,2011-05-17 11:28:37,1,1,50,NA,NA,NA,NA,NA,1,1,NA,2,0,2,0,1,2,1,1,1,0,0,1,2,2,1,1,1,2,2,1,0,1,0
170907,2011-05-17 11:09:03,2011-05-17 11:34:07,1,1,90,1,NA,1,NA,NA,1,NA,NA,NA,NA,NA,NA,NA,NA,NA,NA,NA,NA,NA,NA,NA,NA,NA,NA,0,NA,NA,NA,NA,NA,NA
341651,2011-05-17 11:26:46,2011-05-17 11:47:51,1,1,95,1,1,1,NA,NA,1,NA,NA,1,2,2,1,2,2,1,1,2,2,2,2,2,2,2,2,0,2,1,2,2,2,2
40046,2011-05-17 11:38:33,2011-05-17 11:54:58,1,1,82,1,1,NA,NA,NA,NA,1,1,2,2,2,NA,2,2,2,2,2,1,2,2,2,2,2,2,0,2,NA,NA,2,NA,2
1232754,2011-05-17 12:15:41,2011-05-17 12:27:13,1,1,100,1,1,1,NA,1,1,1,NA,2,2,0,0,2,2,2,2,2,2,2,2,2,2,2,2,2,0,0,0,2,0,2
66998,2011-05-17 12:12:46,2011-05-17 12:28:49,1,1,81,1,1,1,NA,NA,1,1,1,1,0,0,0,1,1,1,1,0,0,0,0,0,1,0,0,1,0,0,0,0,0,0
328343,2011-05-17 12:17:51,2011-05-17 12:29:38,1,1,93,1,1,1,NA,NA,NA,NA,NA,2,1,0,0,2,2,2,1,2,1,1,1,1,1,1,2,1,1,0,0,0,1,1
152834,2011-05-17 12:20:11,2011-05-17 12:30:07,1,1,60,1,1,1,NA,NA,NA,NA,NA,2,2,2,1,0,2,1,2,1,1,1,0,0,1,1,0,2,0,0,1,1,2,2
1162563,2011-05-17 12:46:33,2011-05-17 12:54:29,1,1,100,1,1,1,1,NA,1,NA,NA,1,0,0,1,1,2,1,0,0,1,2,2,2,2,0,0,2,2,0,0,0,0,0
NA,2011-05-17 12:56:13,2011-05-17 12:57:54,1,1,28,NA,NA,1,NA,NA,NA,NA,NA,NA,NA,NA,NA,NA,NA,NA,NA,NA,NA,NA,NA,NA,NA,NA,NA,NA,NA,NA,NA,NA,NA,NA
NA,2011-05-17 12:58:01,2011-05-17 12:59:23,1,1,19,NA,NA,NA,NA,1,NA,NA,NA,NA,NA,NA,NA,NA,NA,NA,NA,NA,NA,NA,NA,NA,NA,NA,NA,NA,NA,NA,NA,NA,NA,NA
NA,2011-05-17 12:59:26,2011-05-17 13:00:58,1,1,30,NA,NA,NA,1,NA,NA,NA,NA,NA,NA,NA,NA,NA,NA,NA,NA,NA,NA,NA,NA,NA,NA,NA,NA,NA,NA,NA,NA,NA,NA,NA
1276726,2011-05-17 12:47:32,2011-05-17 13:05:38,1,1,100,1,1,1,1,1,1,NA,NA,2,0,0,1,2,2,2,2,2,1,1,0,0,1,0,2,2,2,2,1,1,2,1
1233031,2011-05-17 12:50:31,2011-05-17 13:08:28,1,1,100,1,1,1,1,1,1,1,1,1,0,0,0,1,1,1,1,1,0,1,1,1,1,0,0,1,0,0,0,0,0,0
1585007,2011-05-16 21:51:15,2011-05-17 13:21:27,1,1,100,NA,1,NA,NA,1,1,NA,NA,2,1,0,0,2,2,0,1,2,1,0,0,1,1,1,1,1,0,0,0,0,1,1
168049,2011-05-17 12:23:18,2011-05-17 13:27:38,1,1,100,1,1,1,1,1,1,1,1,1,1,0,0,2,2,2,2,2,0,2,1,0,2,2,2,0,0,0,0,1,1,1
1279128,2011-05-17 13:15:19,2011-05-17 13:38:56,1,1,70,1,1,1,1,1,1,1,1,0,0,0,0,1,2,1,1,2,1,0,1,1,1,1,0,1,2,0,1,1,0,1
1263664,2011-05-17 14:05:34,2011-05-17 14:32:35,1,1,100,1,NA,NA,NA,1,1,1,1,0,NA,0,NA,NA,NA,NA,0,NA,NA,NA,NA,0,NA,NA,NA,0,0,NA,NA,NA,NA,NA
1269822,2011-05-17 14:06:55,2011-05-17 14:39:01,1,1,100,NA,1,1,NA,NA,NA,NA,NA,2,2,1,0,2,2,2,2,2,1,2,1,1,2,0,2,1,2,0,0,2,2,2
232385,2011-05-17 14:29:34,2011-05-17 14:52:11,1,1,100,NA,1,1,1,1,1,NA,NA,0,2,1,1,0,2,1,2,0,0,0,0,1,0,0,1,2,0,1,0,2,1,2
1260363,2011-05-17 14:51:34,2011-05-17 15:01:30,1,1,95,NA,1,NA,NA,NA,1,1,1,2,2,0,0,2,1,1,1,2,0,0,0,0,1,0,1,1,1,0,1,0,1,1
1269540,2011-05-17 14:53:50,2011-05-17 15:05:45,1,1,100,1,1,NA,NA,NA,NA,NA,NA,NA,NA,NA,NA,NA,NA,NA,NA,NA,NA,NA,NA,NA,NA,NA,NA,0,NA,NA,1,NA,NA,NA
1012643,2011-05-17 12:14:11,2011-05-17 15:10:45,1,1,100,1,1,1,1,1,NA,1,NA,0,NA,0,1,NA,2,0,NA,NA,NA,NA,1,NA,NA,0,0,1,1,1,1,NA,0,NA
529970,2011-05-17 15:05:12,2011-05-17 15:14:32,1,1,100,NA,1,1,NA,1,NA,NA,NA,0,1,0,0,1,2,2,2,1,1,1,0,0,2,0,1,1,0,0,0,0,1,1
1261853,2011-05-17 15:13:23,2011-05-17 15:22:15,1,1,92,NA,NA,NA,NA,NA,1,NA,NA,2,2,2,0,2,2,2,2,2,2,2,2,2,2,1,2,2,2,2,0,0,2,2
1243394,2011-05-17 15:15:18,2011-05-17 15:24:48,1,1,82,1,NA,NA,NA,NA,NA,1,NA,0,2,2,0,0,2,0,2,2,2,2,2,2,2,1,2,2,2,2,2,1,0,1
653737,2011-05-17 15:12:21,2011-05-17 15:25:55,1,1,100,1,1,1,NA,1,NA,NA,NA,0,2,1,1,2,1,2,2,1,0,2,2,1,1,1,2,0,1,1,1,2,0,2
1238914,2011-05-17 15:24:34,2011-05-17 15:37:23,1,1,91,1,1,1,NA,1,1,NA,NA,1,1,1,1,2,2,NA,NA,1,NA,NA,NA,2,NA,1,NA,0,2,NA,NA,NA,0,NA
849706,2011-05-17 15:54:08,2011-05-17 16:05:17,1,1,100,1,1,1,NA,1,NA,NA,NA,2,0,1,0,1,2,2,2,2,1,1,1,2,1,2,2,2,1,1,1,0,2,1
1282708,2011-05-17 15:39:38,2011-05-17 16:10:26,1,1,75,1,1,NA,1,NA,1,1,NA,2,2,1,2,2,2,1,2,1,2,1,0,2,2,1,0,1,1,1,1,2,1,2
776875,2011-05-17 16:26:28,2011-05-17 16:36:05,1,1,29,NA,1,1,1,NA,1,NA,NA,2,0,0,0,2,2,1,1,1,1,0,0,1,2,0,0,2,2,0,1,1,1,1
534202,2011-05-17 16:39:18,2011-05-17 16:46:23,1,1,100,1,1,NA,1,NA,NA,NA,NA,2,0,0,0,2,2,1,2,0,2,0,0,1,2,0,2,1,0,1,1,1,1,0
1238731,2011-05-17 16:53:30,2011-05-17 17:06:02,1,1,98,NA,1,1,1,1,1,1,1,2,2,1,1,2,2,2,2,2,2,2,2,0,2,1,2,0,0,1,1,2,1,2
1594784,2011-05-17 17:08:47,2011-05-17 17:16:33,1,1,97,1,1,NA,NA,1,NA,1,1,2,2,2,0,2,2,2,2,2,2,1,1,1,2,1,2,0,2,2,0,0,1,2
628387,2011-05-17 17:02:37,2011-05-17 17:17:04,1,1,10,NA,1,1,NA,NA,NA,NA,NA,NA,NA,NA,NA,1,NA,NA,NA,NA,0,NA,NA,NA,NA,NA,NA,NA,NA,NA,NA,NA,0,NA
1278076,2011-05-17 17:35:19,2011-05-17 17:42:39,1,1,100,1,1,1,NA,NA,1,1,1,2,1,1,0,2,2,2,1,2,1,2,0,1,2,1,1,1,1,0,0,0,0,1
1276334,2011-05-17 17:24:20,2011-05-17 17:48:03,1,1,100,1,1,1,NA,1,1,1,1,1,1,2,1,2,1,1,2,2,1,2,2,1,2,0,2,0,2,2,1,2,1,2
1220673,2011-05-17 17:47:49,2011-05-17 17:56:15,1,1,33,1,1,NA,NA,NA,NA,NA,1,1,2,1,0,0,2,1,2,0,2,1,1,2,1,1,0,2,2,1,0,1,2,2
1655060,2011-05-17 17:49:02,2011-05-17 18:03:02,1,1,95,1,1,1,NA,1,1,NA,NA,1,0,1,0,2,2,2,1,0,1,0,1,2,1,2,2,1,0,0,0,0,1,1
1279137,2011-05-17 17:59:48,2011-05-17 18:11:03,1,1,80,NA,1,1,NA,NA,1,1,1,2,1,1,0,2,2,1,2,2,0,2,1,1,2,1,1,0,1,1,0,1,0,1
1284089,2011-05-17 18:33:23,2011-05-17 18:45:19,1,1,100,NA,1,1,NA,NA,NA,NA,NA,2,2,2,2,2,2,2,2,2,2,2,2,2,2,2,2,0,2,2,2,2,2,2
308523,2011-05-17 18:41:14,2011-05-17 18:52:55,1,1,100,1,1,1,1,NA,NA,NA,NA,1,1,0,0,0,2,2,1,1,1,2,1,1,1,0,1,2,1,0,1,0,1,1
390354,2011-05-17 18:58:28,2011-05-17 19:09:06,1,1,100,NA,1,1,NA,1,NA,NA,NA,2,1,2,1,2,2,2,NA,NA,NA,NA,NA,NA,NA,NA,NA,NA,NA,NA,0,NA,NA,NA
1614621,2011-05-17 18:58:02,2011-05-17 19:14:43,1,1,100,1,1,1,1,1,1,1,1,0,0,0,0,1,1,1,1,0,1,0,1,0,1,0,0,2,0,0,0,0,2,0
1093042,2011-05-17 19:30:51,2011-05-17 19:49:43,1,1,50,1,1,NA,NA,NA,1,1,NA,1,2,1,0,1,0,0,1,2,0,0,1,1,2,0,1,1,1,1,2,2,0,2
606016,2011-05-17 18:15:07,2011-05-17 19:53:30,1,1,91,1,1,1,1,1,1,NA,NA,0,NA,NA,0,NA,NA,NA,1,NA,NA,1,0,0,NA,NA,NA,NA,NA,NA,NA,NA,0,NA
993019,2011-05-17 19:45:04,2011-05-17 19:53:38,1,1,100,1,1,1,NA,NA,1,NA,NA,2,2,0,0,1,2,1,1,2,1,0,1,0,2,1,2,2,0,0,1,2,0,1
804397,2011-05-17 19:55:01,2011-05-17 20:06:43,1,1,100,1,1,1,1,1,1,1,1,NA,0,NA,0,NA,NA,NA,NA,NA,NA,NA,NA,0,NA,0,NA,0,NA,NA,NA,0,0,0
1248284,2011-05-17 20:04:52,2011-05-17 20:13:30,1,1,100,1,1,1,NA,1,1,1,1,2,2,2,2,2,1,1,1,2,1,2,2,2,2,2,1,2,2,2,2,2,0,2
39156,2011-05-17 20:00:11,2011-05-17 20:21:25,1,1,100,1,1,NA,NA,1,NA,NA,NA,1,1,0,0,2,2,2,2,1,1,1,0,0,2,0,0,2,1,0,0,1,1,1
1114652,2011-05-17 20:19:19,2011-05-17 20:30:31,1,1,100,1,1,1,NA,NA,NA,NA,NA,2,1,0,0,1,2,2,2,2,2,1,1,1,2,0,0,2,0,1,1,2,1,1
1237850,2011-05-17 20:34:50,2011-05-17 20:44:36,1,1,95,1,1,1,NA,NA,NA,1,NA,1,2,0,1,2,2,2,0,0,2,1,1,1,2,0,0,2,1,1,1,1,2,2
1610592,2011-05-17 14:34:20,2011-05-17 20:45:08,1,1,100,NA,NA,1,1,NA,1,NA,1,NA,NA,0,1,NA,NA,NA,NA,NA,NA,1,NA,1,NA,0,0,NA,1,0,1,1,1,NA
91843,2011-05-17 20:37:11,2011-05-17 20:48:36,1,1,95,1,1,1,NA,1,NA,NA,NA,2,2,2,2,1,2,2,2,2,1,2,2,2,2,2,2,0,2,2,2,2,1,2
541382,2011-05-17 21:01:47,2011-05-17 21:15:37,1,1,75,1,1,NA,NA,NA,1,1,1,2,1,0,0,1,2,1,2,1,1,0,0,0,2,1,0,0,1,0,0,1,0,0
627761,2011-05-17 21:09:42,2011-05-17 21:18:14,1,1,100,1,1,1,NA,1,1,NA,NA,1,1,0,0,1,2,1,1,1,0,1,0,0,1,0,1,2,0,0,0,0,0,0
1264029,2011-05-17 21:08:40,2011-05-17 21:22:34,1,1,93,1,1,1,NA,NA,NA,1,NA,0,NA,1,NA,NA,1,NA,NA,1,NA,NA,NA,1,2,NA,1,0,NA,NA,NA,NA,0,NA
1297098,2011-05-17 21:13:23,2011-05-17 21:27:25,1,1,90,1,NA,NA,NA,NA,NA,1,NA,1,2,0,0,1,1,1,1,1,2,1,1,0,1,0,1,2,1,0,0,2,1,2
1281311,2011-05-17 21:53:20,2011-05-17 22:00:48,1,1,100,1,1,1,NA,NA,NA,NA,NA,2,1,0,0,1,2,1,2,2,2,1,1,1,2,0,2,2,1,1,0,1,1,1
447437,2011-05-17 22:41:17,2011-05-17 22:53:55,1,1,100,1,NA,1,NA,NA,1,NA,NA,NA,0,1,0,2,2,2,2,2,2,2,1,1,2,0,0,0,1,1,0,0,1,2
1647377,2011-05-18 07:12:22,2011-05-18 07:32:52,1,1,100,1,1,1,NA,1,1,1,1,1,1,0,1,1,1,1,0,0,2,1,0,2,1,0,0,0,2,0,1,2,0,1
775203,2011-05-18 07:37:52,2011-05-18 07:45:22,1,1,100,NA,1,1,NA,NA,NA,NA,NA,2,1,1,0,2,2,2,2,2,1,2,1,1,2,0,0,1,1,0,0,0,1,1
1265340,2011-05-18 07:39:54,2011-05-18 07:59:27,1,1,99,1,1,NA,NA,1,1,1,1,0,2,1,0,2,0,1,1,2,1,2,2,2,1,2,2,0,0,2,0,2,2,2
1221885,2011-05-18 08:12:11,2011-05-18 08:23:28,1,1,60,1,1,1,NA,1,NA,1,NA,2,1,1,1,1,2,2,1,1,0,1,1,1,1,1,1,0,1,1,1,1,1,1
1090017,2011-05-18 08:31:49,2011-05-18 08:40:47,1,1,100,1,1,NA,NA,1,1,1,1,0,0,1,1,1,NA,0,NA,1,NA,NA,NA,0,NA,1,1,0,NA,NA,NA,NA,0,NA
794719,2011-05-18 08:31:35,2011-05-18 08:46:55,1,1,100,1,1,1,NA,1,1,1,1,2,1,0,0,2,2,2,2,1,2,0,0,1,2,1,1,0,0,0,0,2,1,1
1281618,2011-05-18 09:11:55,2011-05-18 09:26:43,1,1,100,1,1,NA,NA,1,1,NA,NA,0,1,0,0,2,2,1,1,0,2,0,0,1,1,0,0,1,1,0,0,0,0,1
1116576,2011-05-18 09:29:26,2011-05-18 09:40:32,1,1,95,1,1,1,NA,1,1,NA,NA,1,2,0,0,1,2,1,0,1,0,2,1,2,2,1,2,0,2,1,0,2,0,2
723419,2011-05-18 09:37:49,2011-05-18 09:46:53,1,1,100,1,1,NA,NA,NA,1,1,1,1,1,0,1,2,2,2,1,1,2,1,2,0,2,0,0,0,1,0,1,2,1,1
1253965,2011-05-18 10:09:47,2011-05-18 10:31:33,1,1,100,1,1,NA,NA,1,1,NA,NA,0,1,1,1,0,2,1,0,2,0,1,1,2,1,1,1,0,0,1,1,2,0,2
1035051,2011-05-18 10:13:06,2011-05-18 10:36:46,1,1,95,1,1,1,NA,NA,1,1,NA,0,2,0,1,1,1,2,1,0,2,1,1,0,2,1,0,0,0,1,1,2,1,2
1271508,2011-05-18 10:35:56,2011-05-18 10:44:55,1,1,90,1,NA,1,NA,NA,1,1,NA,1,1,2,0,2,1,1,1,2,0,1,1,1,2,0,0,0,0,0,0,0,0,0
628824,2011-05-18 10:45:07,2011-05-18 11:05:19,1,1,91,NA,1,1,1,NA,NA,NA,NA,2,2,1,0,2,2,2,2,2,1,2,1,1,2,2,2,1,2,1,1,2,0,2
807206,2011-05-18 11:13:46,2011-05-18 11:32:20,1,1,100,1,1,1,NA,NA,1,1,NA,0,0,0,0,1,1,1,2,1,0,2,1,2,2,2,2,0,1,0,1,1,0,0
785672,2011-05-18 11:15:50,2011-05-18 11:34:20,1,1,100,1,1,1,1,1,1,1,1,NA,NA,0,0,NA,NA,NA,NA,NA,NA,NA,NA,0,NA,0,0,NA,0,0,0,NA,NA,NA
649023,2011-05-18 11:54:38,2011-05-18 12:20:46,1,1,71,1,1,1,NA,NA,NA,1,NA,1,1,1,0,2,2,2,2,1,1,1,0,1,1,0,0,0,0,1,0,2,0,2
709120,2011-05-18 14:07:03,2011-05-18 14:16:23,1,1,50,1,1,1,NA,1,1,NA,NA,0,1,0,1,1,0,1,0,0,1,1,0,0,2,0,1,2,0,0,1,1,1,1
1275536,2011-05-18 15:02:46,2011-05-18 15:24:42,1,1,92,1,NA,1,NA,1,NA,1,1,1,2,1,1,1,1,2,1,2,1,2,2,1,1,1,1,0,1,1,1,2,2,2
1599257,2011-05-18 15:15:14,2011-05-18 15:29:05,1,1,95,1,NA,NA,NA,NA,1,1,1,1,2,1,1,1,2,0,1,1,1,2,2,2,0,1,2,1,2,1,1,2,0,2
1256767,2011-05-18 15:21:50,2011-05-18 15:40:05,1,1,50,1,NA,NA,NA,1,1,1,1,2,0,0,0,1,2,2,2,2,0,1,2,0,2,0,1,2,1,0,0,0,1,1
466562,2011-05-18 16:31:19,2011-05-18 16:44:17,1,1,97,1,1,1,NA,1,1,NA,NA,1,2,1,0,0,2,2,1,2,0,1,0,1,1,1,2,0,1,0,0,2,0,2
1238745,2011-05-18 17:10:47,2011-05-18 17:19:47,1,1,95,1,1,1,1,1,1,1,1,0,0,0,0,1,1,0,1,0,1,0,0,0,1,0,0,1,0,0,0,1,1,0
1275128,2011-05-18 17:07:01,2011-05-18 17:24:10,1,1,100,NA,1,1,NA,NA,1,NA,NA,2,2,1,1,1,2,2,2,2,1,2,2,1,2,1,2,0,1,1,2,1,1,2
1275387,2011-05-18 17:36:18,2011-05-18 17:49:06,1,1,75,1,NA,NA,1,1,1,NA,NA,NA,NA,0,NA,NA,NA,NA,NA,NA,NA,NA,NA,NA,NA,NA,0,NA,NA,1,NA,0,NA,NA
501039,2011-05-18 19:24:40,2011-05-18 19:32:14,1,1,10,NA,NA,NA,1,NA,NA,NA,NA,2,2,0,0,2,2,2,2,2,2,1,1,1,2,0,1,1,1,1,1,2,1,2
1249321,2011-05-18 20:17:52,2011-05-18 20:29:43,1,1,91,1,1,NA,NA,NA,NA,1,1,0,0,0,0,0,0,0,2,2,0,0,0,0,0,0,0,1,0,0,0,1,0,0
1013209,2011-05-18 20:32:27,2011-05-18 20:45:55,1,1,81,1,1,NA,NA,1,1,NA,NA,1,1,2,1,2,1,2,2,2,1,1,0,0,2,0,1,0,0,0,0,0,0,1
655874,2011-05-18 20:34:21,2011-05-18 20:45:58,1,1,100,1,1,1,1,1,NA,NA,NA,2,1,0,NA,NA,NA,2,2,NA,NA,NA,NA,0,2,1,0,NA,NA,NA,1,0,NA,NA
1241139,2011-05-18 20:41:38,2011-05-18 20:55:10,1,1,100,1,1,1,NA,NA,1,1,1,1,1,1,1,1,1,1,1,1,1,1,1,1,1,1,1,0,1,1,1,1,1,1
56270,2011-05-18 21:05:48,2011-05-18 21:17:02,1,1,50,1,1,1,NA,NA,1,NA,1,NA,NA,NA,NA,NA,NA,NA,NA,NA,NA,NA,NA,NA,NA,NA,NA,0,NA,NA,NA,NA,NA,NA
1032959,2011-05-18 22:02:52,2011-05-18 22:15:54,1,1,100,1,1,NA,NA,1,1,1,NA,2,2,0,2,2,2,2,2,1,1,1,1,0,1,1,0,1,1,2,1,2,1,2
782726,2011-05-19 09:40:22,2011-05-19 09:51:03,1,1,91,1,1,NA,NA,1,NA,1,NA,2,2,2,1,2,2,2,1,1,1,0,0,1,2,1,0,1,0,0,1,1,0,1
1490477,2011-05-19 09:43:31,2011-05-19 09:56:46,1,1,100,1,1,1,NA,NA,1,NA,1,2,1,0,0,1,2,1,2,2,2,2,1,2,2,2,0,1,2,0,0,0,1,1
NA,2011-05-12 08:21:31,2011-05-12 10:02:18,0,1,30,1,1,NA,NA,NA,NA,NA,NA,2,1,0,1,1,2,1,0,2,0,0,0,0,1,0,NA,0,2,2,1,1,0,0
715911,2011-05-19 10:00:13,2011-05-19 10:07:04,1,1,100,1,1,NA,NA,NA,NA,NA,NA,1,0,0,0,1,2,1,2,2,0,1,1,0,2,0,0,2,1,0,0,0,0,0
NA,2011-05-12 10:04:06,2011-05-12 10:13:16,0,1,100,1,1,1,1,NA,NA,NA,NA,0,0,1,0,0,0,2,0,2,0,2,2,1,1,0,NA,2,2,1,0,1,1,0
NA,2011-05-12 13:40:51,2011-05-12 13:44:27,0,2,NA,NA,NA,NA,NA,NA,NA,NA,NA,NA,NA,NA,NA,NA,NA,NA,NA,NA,NA,NA,NA,NA,NA,NA,NA,NA,NA,NA,NA,NA,NA,NA
NA,2011-05-12 13:20:54,2011-05-12 13:56:31,0,1,95,1,1,1,NA,NA,1,NA,1,NA,NA,1,NA,NA,1,2,0,0,NA,NA,NA,1,1,NA,NA,0,NA,NA,NA,2,NA,2
NA,2011-05-12 13:51:35,2011-05-12 13:56:41,0,1,4,1,NA,NA,NA,NA,NA,NA,NA,0,1,1,0,0,1,0,0,1,1,1,2,0,2,2,2,2,2,0,0,0,0,2
610731,2011-05-19 12:19:30,2011-05-19 14:15:00,1,1,100,1,NA,NA,NA,1,1,NA,NA,NA,NA,NA,NA,NA,NA,NA,NA,1,NA,1,NA,NA,NA,NA,NA,0,NA,NA,NA,NA,NA,NA
634470,2011-05-19 13:50:30,2011-05-19 14:15:04,1,1,82,NA,1,1,NA,1,NA,NA,NA,NA,NA,1,0,NA,NA,NA,NA,NA,NA,NA,NA,NA,NA,0,NA,0,NA,NA,NA,NA,NA,NA
NA,2011-05-12 13:39:01,2011-05-12 15:26:18,0,1,51,1,1,1,NA,NA,NA,NA,NA,2,2,1,0,1,1,0,2,2,0,0,0,0,NA,NA,NA,NA,NA,NA,NA,NA,NA,NA
1266670,2011-05-19 16:25:26,2011-05-19 16:37:35,1,1,100,1,1,1,NA,NA,NA,NA,NA,1,2,0,0,2,2,2,1,1,0,1,1,0,1,0,2,0,0,0,0,1,0,1
1261335,2011-05-19 20:51:28,2011-05-19 21:07:19,1,1,29,1,NA,NA,NA,NA,NA,1,NA,1,1,0,1,1,1,0,1,2,1,1,0,0,2,0,0,0,2,0,1,1,1,1
1279343,2011-05-19 20:51:20,2011-05-19 21:14:50,1,1,91,NA,1,1,NA,NA,NA,1,NA,2,0,0,0,NA,2,1,2,2,1,1,0,NA,2,0,NA,0,1,1,NA,2,1,NA
1304599,2011-05-19 21:17:41,2011-05-19 21:23:35,1,1,100,1,1,NA,NA,1,NA,NA,NA,2,1,0,0,1,1,1,0,0,0,2,2,0,2,0,0,1,0,0,0,0,0,0
1039185,2011-05-20 06:54:22,2011-05-20 07:11:12,1,1,100,1,1,NA,NA,1,NA,NA,NA,2,2,2,1,2,2,2,2,2,1,1,1,2,2,1,2,0,2,1,1,2,1,2
1004970,2011-05-20 08:36:29,2011-05-20 08:49:02,1,1,90,1,1,1,NA,1,1,1,1,1,2,1,1,1,2,1,1,2,0,1,0,0,1,2,2,1,1,0,1,2,0,2
40805,2011-05-20 09:40:25,2011-05-20 09:49:39,1,1,100,1,1,1,NA,1,1,NA,NA,0,1,1,1,1,2,2,1,0,0,0,0,0,0,1,1,0,0,1,1,2,1,2
NA,2011-05-13 10:59:19,2011-05-13 11:00:05,0,1,27,1,1,1,NA,NA,NA,NA,NA,NA,NA,NA,NA,NA,NA,NA,NA,NA,NA,NA,NA,NA,NA,NA,NA,NA,NA,NA,NA,NA,NA,NA
NA,2011-05-13 11:02:05,2011-05-13 11:02:20,0,1,100,1,NA,NA,NA,NA,NA,NA,NA,NA,NA,NA,NA,NA,NA,NA,NA,NA,NA,NA,NA,NA,NA,NA,NA,NA,NA,NA,NA,NA,NA,NA
1222273,2011-05-20 12:38:34,2011-05-20 12:54:56,1,1,95,1,NA,1,NA,NA,NA,NA,NA,2,1,0,0,2,2,NA,NA,2,NA,1,NA,NA,2,NA,1,0,2,0,0,1,0,1
702161,2011-05-20 12:54:08,2011-05-20 13:01:30,1,1,100,NA,1,NA,NA,NA,1,NA,NA,0,2,0,0,2,2,2,2,1,2,0,1,0,2,0,0,1,0,0,0,1,0,0
12345,2011-05-13 14:57:45,2011-05-13 15:03:13,0,1,38,NA,NA,NA,NA,1,NA,NA,NA,NA,NA,NA,NA,NA,NA,NA,NA,NA,NA,NA,NA,NA,NA,NA,NA,NA,NA,NA,NA,NA,NA,NA
1253861,2011-05-20 15:38:33,2011-05-20 15:58:37,1,1,41,1,1,1,NA,1,1,1,1,1,2,0,0,0,2,2,1,2,0,2,2,1,1,1,2,2,2,0,1,2,1,2
942454,2011-05-16 13:58:09,2011-05-16 14:02:37,0,1,100,1,1,1,1,1,NA,NA,NA,1,2,2,1,2,1,1,2,0,0,1,1,0,1,0,1,1,1,0,0,2,1,2
1264663,2011-05-16 14:01:53,2011-05-16 14:59:38,0,1,100,1,1,1,NA,1,1,1,1,NA,NA,1,1,NA,NA,NA,NA,NA,NA,NA,NA,1,NA,1,NA,0,NA,NA,0,1,1,2
927089,2011-05-17 09:32:42,2011-05-17 09:44:34,0,1,100,1,NA,NA,NA,NA,1,1,1,2,1,1,1,2,2,1,1,1,1,1,0,1,2,1,2,0,1,0,0,1,0,2
1693406,2011-05-17 15:22:07,2011-05-17 15:28:09,0,1,78,1,1,1,NA,1,1,1,1,2,2,1,1,2,2,2,2,1,2,1,0,2,2,1,0,1,1,0,0,2,1,1
1622279,2011-05-16 19:54:57,2011-05-16 20:06:27,0,1,90,1,1,1,1,NA,1,1,NA,1,2,0,0,0,2,1,1,0,1,0,1,0,1,0,0,2,0,0,0,2,1,1
1253371,2011-05-16 13:54:59,2011-05-16 14:01:29,0,1,100,1,1,1,NA,NA,1,NA,NA,2,2,1,1,2,2,2,2,2,1,2,1,1,2,0,0,1,0,0,0,1,2,2
1250436,2011-05-16 16:40:00,2011-05-16 16:49:58,0,1,100,NA,1,NA,NA,NA,NA,NA,NA,NA,NA,NA,1,NA,NA,NA,NA,NA,0,NA,NA,NA,NA,1,NA,NA,NA,NA,0,NA,NA,NA
1275733,2011-05-16 16:47:57,2011-05-16 17:02:12,0,1,50,1,1,1,NA,1,NA,1,NA,1,2,1,1,2,2,1,2,2,2,1,1,2,2,1,2,0,2,1,2,2,0,2
1222244,2011-05-16 13:57:30,2011-05-16 14:04:21,0,1,100,1,1,1,1,1,1,1,1,2,0,0,0,2,2,1,1,1,2,0,0,0,2,0,0,1,0,0,0,0,1,1
987130,2011-05-16 15:20:01,2011-05-16 15:34:02,0,1,100,1,1,1,NA,NA,1,NA,NA,2,2,0,0,1,2,1,2,2,1,1,1,0,2,1,1,2,0,1,0,2,2,2
1308020,2011-05-16 14:14:15,2011-05-16 14:38:45,0,1,99,1,1,1,NA,NA,1,1,1,1,2,2,1,2,2,2,2,1,2,2,1,2,2,2,2,0,2,1,2,2,1,2
493820,2011-05-16 17:32:29,2011-05-16 17:38:43,0,1,40,NA,1,1,1,1,NA,1,1,0,0,0,0,2,2,0,1,2,1,2,1,0,1,0,1,2,1,1,2,2,1,2
59143,2011-05-16 13:57:45,2011-05-16 14:11:03,0,1,100,1,1,NA,NA,NA,1,NA,NA,0,2,0,0,0,1,1,1,1,1,1,0,0,2,0,2,1,1,1,2,2,1,2
NA,2011-05-12 00:40:22,2011-05-16 11:55:11,0,1,78,1,1,NA,NA,NA,NA,NA,NA,NA,NA,NA,NA,NA,NA,NA,NA,NA,NA,NA,NA,NA,NA,NA,NA,NA,NA,NA,NA,NA,NA,NA
1274576,2011-05-16 17:43:05,2011-05-16 17:50:25,0,1,90,NA,1,1,NA,NA,1,NA,1,NA,NA,0,0,NA,NA,NA,NA,0,NA,NA,NA,0,NA,NA,NA,NA,NA,NA,NA,NA,NA,NA
1098957,2011-05-16 14:36:03,2011-05-16 14:40:24,0,1,100,1,1,1,1,1,1,NA,1,NA,NA,NA,NA,NA,NA,NA,NA,NA,NA,NA,NA,NA,NA,NA,NA,NA,NA,NA,NA,NA,NA,NA
1619485,2011-05-17 06:50:43,2011-05-17 07:02:47,0,1,100,NA,NA,1,NA,1,1,1,1,1,1,1,1,2,2,2,2,1,1,1,1,1,2,1,1,0,1,1,1,1,1,1
1255547,2011-05-16 14:51:17,2011-05-16 15:02:42,0,1,100,1,NA,1,1,NA,1,NA,1,NA,0,0,NA,NA,NA,NA,NA,NA,NA,NA,0,1,NA,1,1,NA,1,1,NA,0,NA,NA
191155,2011-05-16 21:39:00,2011-05-16 21:46:15,0,1,90,1,1,1,NA,NA,NA,NA,NA,1,2,0,0,2,2,2,2,2,2,1,1,2,2,2,2,2,0,1,0,2,1,2
173353,2011-05-16 16:22:16,2011-05-16 16:30:46,0,1,100,1,1,NA,NA,NA,NA,NA,NA,2,2,0,0,2,2,2,2,2,1,2,1,2,2,0,2,1,2,1,0,2,1,2
599974,2011-05-17 08:35:02,2011-05-17 08:40:45,0,1,100,NA,1,NA,NA,NA,NA,1,NA,0,0,1,1,0,0,0,2,1,1,0,0,0,2,1,1,1,1,1,1,1,1,0
1265393,2011-05-16 17:27:50,2011-05-16 17:39:25,0,1,100,1,1,1,1,1,1,1,1,NA,NA,0,0,NA,NA,NA,NA,NA,NA,NA,NA,1,NA,0,NA,NA,NA,NA,NA,NA,NA,NA
1259633,2011-05-16 22:13:28,2011-05-16 22:24:42,0,1,36,1,1,1,1,1,1,NA,NA,0,1,1,1,0,NA,1,0,1,0,1,2,1,0,1,1,0,0,NA,NA,NA,0,NA
594600,2011-05-16 16:48:33,2011-05-16 17:13:18,0,1,75,NA,1,1,NA,NA,1,1,NA,0,1,0,2,1,2,1,1,1,2,1,1,0,1,1,1,0,2,0,0,2,0,2
1237850,2011-05-17 20:26:15,2011-05-17 20:34:00,0,1,95,1,1,NA,NA,NA,NA,1,NA,2,2,0,1,2,2,2,0,0,2,1,1,1,2,0,0,2,1,1,1,1,2,2
1277451,2011-05-16 16:28:34,2011-05-16 16:54:07,0,1,100,1,1,1,1,1,NA,1,1,1,1,2,1,0,2,0,1,1,1,2,1,2,2,2,1,1,2,0,1,1,0,2
1314917,2011-05-16 14:25:51,2011-05-16 14:39:01,0,1,99,1,1,1,1,1,1,1,1,0,0,0,1,0,1,0,1,2,1,2,2,0,1,1,0,1,2,2,1,1,0,0
653623,2011-05-16 13:51:51,2011-05-16 13:58:07,0,1,100,NA,1,1,NA,NA,NA,NA,NA,2,2,1,1,2,2,1,2,2,2,1,0,0,2,1,1,0,1,0,1,2,2,2
423177,2011-05-16 14:34:57,2011-05-16 14:41:30,0,1,100,1,1,1,NA,1,1,1,1,NA,NA,0,0,NA,NA,NA,NA,NA,NA,NA,NA,NA,NA,0,1,NA,0,0,0,1,NA,NA
1093596,2011-05-18 22:04:39,2011-05-18 22:18:23,0,1,92,1,1,1,NA,1,1,1,NA,1,2,0,0,0,1,0,0,0,1,0,0,1,0,0,0,2,1,1,1,2,0,2
1279773,2011-05-16 19:08:53,2011-05-16 19:17:52,0,1,99,1,1,1,NA,NA,1,1,1,2,2,0,0,1,2,2,2,2,0,0,0,2,0,2,2,1,0,0,0,2,0,1
474895,2011-05-16 15:37:22,2011-05-16 15:43:09,0,1,85,NA,1,1,NA,NA,1,NA,NA,NA,NA,0,0,NA,NA,NA,NA,NA,NA,1,NA,1,2,NA,0,NA,0,NA,1,0,NA,NA
1272392,2011-05-17 17:44:58,2011-05-17 17:55:08,0,1,49,1,1,NA,NA,1,1,1,NA,1,1,1,0,2,2,2,2,2,2,1,1,1,2,1,2,0,2,2,1,1,2,2
492343,2011-05-16 14:50:29,2011-05-16 14:53:39,0,1,100,1,1,NA,NA,NA,1,1,NA,2,2,2,2,2,2,2,2,2,2,2,2,2,2,2,2,0,2,2,2,2,2,2
1278423,2011-05-18 08:00:07,2011-05-18 08:20:32,0,1,100,NA,1,1,NA,1,NA,1,1,1,1,1,1,2,2,1,2,1,2,1,1,1,2,1,0,0,1,1,1,1,1,1
NA,2011-05-20 13:48:16,2011-05-20 14:08:31,0,1,92,1,NA,1,NA,1,NA,NA,NA,NA,NA,1,NA,NA,NA,NA,NA,NA,1,NA,NA,1,NA,1,NA,0,NA,NA,NA,NA,NA,NA
798691,2011-05-16 13:54:32,2011-05-16 14:04:43,0,1,100,1,1,1,1,1,1,1,1,2,1,2,0,2,2,2,2,2,2,1,2,2,2,1,2,2,2,1,0,1,1,1
639140,2011-05-16 21:06:32,2011-05-16 21:16:14,0,1,100,1,1,1,1,1,1,1,1,NA,NA,NA,0,NA,NA,NA,NA,NA,NA,NA,NA,NA,NA,0,NA,NA,NA,0,0,0,NA,NA
769444,2011-05-16 19:14:39,2011-05-16 19:32:11,0,1,100,1,NA,1,NA,1,1,1,1,2,1,0,0,2,1,2,2,1,2,1,1,1,2,2,2,0,1,1,2,2,1,0
429198,2011-05-16 14:22:53,2011-05-16 16:36:19,0,1,80,1,1,NA,NA,1,1,NA,NA,2,2,1,2,2,2,2,2,2,2,2,2,2,2,2,2,1,1,0,0,2,0,2
1279813,2011-05-19 11:59:19,2011-05-19 12:14:33,0,1,99,1,1,1,1,1,1,1,1,0,1,0,0,0,2,0,0,0,1,0,2,1,2,2,0,1,1,0,0,1,0,1
51256,2011-05-16 13:52:29,2011-05-16 14:10:53,0,1,100,1,1,1,1,NA,NA,NA,NA,0,0,1,1,0,0,2,0,2,0,2,2,1,1,1,2,2,2,1,1,1,1,1
1248852,2011-05-16 19:09:33,2011-05-16 19:20:16,0,1,100,NA,NA,1,1,1,1,1,1,1,0,1,0,2,1,2,1,2,2,1,0,2,1,0,0,1,2,0,1,1,0,1
783433,2011-05-16 19:55:38,2011-05-16 20:16:39,0,1,100,1,1,1,NA,1,1,NA,1,2,2,1,0,1,2,0,0,1,1,2,1,1,2,1,1,0,1,0,0,2,0,2
1280382,2011-05-16 14:52:27,2011-05-16 16:18:34,0,1,81,1,1,1,NA,NA,1,1,1,2,1,1,1,2,2,2,2,2,2,2,2,1,2,1,2,0,2,1,1,1,2,2
643007,2011-05-16 17:18:12,2011-05-16 17:30:12,0,1,100,1,NA,1,NA,NA,1,NA,NA,0,1,2,2,2,2,2,1,1,0,2,2,2,2,2,2,0,2,2,2,2,0,1
1261446,2011-05-16 13:55:32,2011-05-16 14:02:17,0,1,100,NA,1,1,NA,NA,NA,NA,NA,2,2,2,0,2,2,2,2,1,1,1,0,2,2,1,0,1,0,0,0,1,1,1
588395,2011-05-16 13:55:07,2011-05-16 14:03:58,0,1,100,1,1,NA,NA,NA,NA,NA,NA,1,2,0,0,2,2,2,2,1,2,2,1,1,2,1,2,1,0,0,1,2,0,2
1240789,2011-05-16 14:51:44,2011-05-16 14:58:31,0,1,84,1,1,1,NA,1,NA,NA,NA,NA,NA,NA,0,NA,NA,NA,NA,NA,NA,NA,NA,NA,NA,NA,NA,NA,NA,NA,2,NA,NA,NA
1272342,2011-05-16 14:32:47,2011-05-16 15:05:56,0,1,83,1,1,1,NA,1,1,1,1,0,NA,NA,0,0,NA,0,1,2,NA,0,NA,0,0,1,NA,NA,NA,1,1,1,1,1
1226385,2011-05-16 14:43:27,2011-05-16 15:02:39,0,1,91,1,1,1,NA,NA,1,1,1,2,2,0,0,2,2,1,1,2,1,2,2,2,1,1,2,0,0,0,0,1,1,1
846066,2011-05-17 09:37:50,2011-05-17 10:14:30,0,1,100,1,1,1,NA,NA,1,NA,NA,1,1,0,NA,NA,2,1,1,0,1,0,NA,NA,2,0,NA,1,NA,0,1,0,NA,1
1266770,2011-05-19 20:36:25,2011-05-19 20:44:01,0,1,100,1,1,1,NA,NA,NA,NA,NA,0,2,1,1,1,2,2,2,2,0,1,1,2,1,2,1,1,2,1,2,2,0,2
837565,2011-05-16 16:37:24,2011-05-16 16:47:42,0,1,90,1,NA,NA,NA,NA,NA,1,NA,0,2,2,1,1,2,2,0,0,0,1,1,1,2,1,1,0,2,2,1,2,1,2
594783,2011-05-16 13:53:13,2011-05-16 13:59:32,0,1,85,1,1,1,1,1,1,1,1,1,2,1,0,1,0,2,2,1,0,1,1,2,1,0,2,2,1,1,1,2,0,2
465632,2011-05-16 14:58:03,2011-05-16 15:10:56,0,1,100,1,1,1,1,1,1,1,1,NA,1,1,1,NA,NA,NA,0,NA,NA,NA,NA,0,NA,0,NA,NA,0,NA,0,1,0,NA
259829,2011-05-16 14:12:40,2011-05-16 16:20:33,0,1,100,1,1,1,NA,NA,1,NA,NA,NA,NA,0,0,0,NA,0,0,NA,0,NA,NA,NA,NA,1,NA,NA,1,NA,1,NA,1,2
781976,2011-05-17 22:51:51,2011-05-17 23:06:13,0,1,100,NA,1,NA,NA,1,1,NA,NA,1,0,1,0,1,2,2,1,2,2,0,0,2,2,0,0,0,1,0,0,0,0,0
993742,2011-05-16 16:50:28,2011-05-16 17:00:44,0,1,100,1,NA,NA,NA,NA,1,NA,NA,0,NA,NA,NA,2,0,NA,0,0,1,NA,NA,NA,2,2,2,0,0,NA,NA,2,1,2
1245044,2011-05-17 17:55:53,2011-05-17 18:00:30,0,1,96,NA,1,1,NA,NA,1,NA,NA,NA,NA,0,0,NA,NA,NA,NA,NA,NA,NA,NA,NA,NA,NA,NA,NA,NA,NA,0,1,NA,NA
322665,2011-05-16 18:34:18,2011-05-16 18:42:57,0,1,99,1,1,1,NA,1,1,1,NA,NA,NA,NA,NA,NA,NA,1,NA,NA,0,NA,1,NA,NA,NA,NA,0,NA,NA,NA,NA,0,NA
548003,2011-05-16 15:48:00,2011-05-16 15:54:59,0,1,100,1,NA,NA,NA,NA,NA,NA,NA,0,2,2,2,2,2,2,0,1,0,2,2,1,2,2,2,0,2,2,2,2,0,2
1278292,2011-05-16 16:04:42,2011-05-16 16:11:36,0,1,35,1,NA,1,NA,NA,NA,NA,1,2,2,2,1,2,2,2,2,2,1,1,0,2,2,2,2,2,2,2,2,2,0,2
1265865,2011-05-16 14:13:36,2011-05-16 14:21:22,0,1,100,1,NA,NA,NA,1,1,1,1,NA,NA,NA,NA,NA,NA,NA,NA,NA,NA,NA,NA,NA,NA,NA,NA,0,NA,NA,NA,NA,NA,NA
599016,2011-05-16 13:54:44,2011-05-16 14:05:55,0,1,100,1,1,1,NA,1,1,NA,NA,1,1,0,1,0,2,2,1,1,2,0,1,0,2,0,1,2,1,0,0,1,0,1
1258564,2011-05-16 13:59:07,2011-05-16 14:08:59,0,1,90,NA,1,NA,NA,NA,NA,NA,NA,NA,NA,1,0,1,NA,NA,NA,NA,NA,0,NA,NA,NA,0,NA,0,NA,0,NA,NA,NA,NA
675672,2011-05-17 09:03:47,2011-05-17 09:09:40,0,1,100,1,1,1,NA,NA,NA,NA,NA,1,0,0,0,2,2,1,1,0,2,1,1,2,2,0,2,2,2,1,1,0,1,1
315895,2011-05-16 14:14:56,2011-05-16 14:27:57,0,1,78,1,NA,NA,NA,1,NA,NA,NA,NA,2,0,0,2,2,2,1,1,1,2,1,0,1,0,1,2,1,0,0,2,0,2
1283184,2011-05-16 16:48:35,2011-05-16 16:55:44,0,1,62,1,NA,NA,1,NA,NA,1,1,0,1,0,0,0,2,2,1,0,0,2,2,0,0,0,1,2,0,1,1,1,0,1
322965,2011-05-16 16:55:47,2011-05-16 17:08:23,0,1,100,1,1,1,1,1,1,1,1,2,2,0,1,1,2,2,2,1,1,0,0,0,2,1,0,0,0,1,1,1,0,2
1256317,2011-05-17 09:59:14,2011-05-17 10:46:58,0,1,100,1,1,1,NA,1,1,1,1,1,1,2,1,2,2,2,1,1,2,1,2,1,2,2,2,0,1,2,1,2,2,2
722988,2011-05-18 20:39:38,2011-05-18 20:43:49,0,1,100,1,1,1,NA,1,1,1,NA,NA,NA,NA,NA,NA,NA,NA,NA,NA,NA,NA,NA,NA,NA,NA,NA,0,NA,NA,NA,NA,NA,NA
1685501,2011-05-16 16:06:45,2011-05-16 16:23:30,0,1,100,NA,NA,NA,NA,1,NA,NA,NA,1,1,2,0,1,2,2,0,2,0,2,2,2,2,2,2,0,1,2,0,0,0,1
639140,2011-05-16 19:07:31,2011-05-16 19:14:37,0,1,100,1,1,1,1,1,1,1,1,2,NA,1,0,NA,2,NA,2,NA,NA,NA,NA,NA,NA,0,NA,NA,NA,0,0,0,NA,NA
1266183,2011-05-16 14:27:57,2011-05-16 14:32:10,0,1,20,1,1,1,NA,NA,NA,NA,NA,2,1,2,0,1,2,2,2,2,2,1,1,2,2,2,2,2,0,0,0,0,0,0
1614621,2011-05-17 18:44:28,2011-05-17 18:56:23,0,1,100,1,1,1,1,1,1,1,1,0,0,0,0,1,0,1,1,0,1,0,0,0,1,0,0,2,0,0,0,0,2,0
1237465,2011-05-17 12:01:09,2011-05-17 12:09:06,0,1,100,NA,1,1,NA,1,1,NA,NA,1,2,1,0,2,2,1,2,1,2,1,0,0,2,0,2,0,1,0,1,2,0,2
1255621,2011-05-16 14:02:07,2011-05-16 14:10:09,0,1,61,NA,1,1,1,NA,1,1,NA,2,2,0,0,2,2,2,2,2,0,2,2,1,1,2,1,1,0,0,2,2,1,2
719413,2011-05-18 11:52:31,2011-05-18 14:42:47,0,1,91,1,1,NA,NA,1,1,1,NA,0,1,2,0,1,1,2,0,0,0,1,1,1,2,0,1,0,0,1,0,1,0,2
1278222,2011-05-16 13:58:54,2011-05-16 14:02:35,0,1,50,1,NA,NA,NA,NA,NA,NA,NA,NA,NA,NA,NA,NA,NA,NA,NA,NA,NA,NA,NA,NA,NA,NA,NA,NA,NA,NA,NA,NA,NA,NA
832295,2011-05-17 22:40:23,2011-05-17 22:59:11,0,1,100,1,1,1,NA,1,NA,NA,1,NA,NA,NA,NA,NA,NA,NA,NA,NA,NA,NA,NA,NA,NA,NA,NA,NA,NA,NA,NA,NA,NA,NA
1243982,2011-05-16 14:52:36,2011-05-16 14:55:53,0,1,76,NA,1,NA,NA,NA,NA,NA,NA,NA,NA,0,0,NA,NA,NA,NA,NA,NA,0,NA,NA,NA,NA,0,NA,NA,NA,NA,0,NA,NA
810628,2011-05-16 13:53:23,2011-05-16 14:01:56,0,1,100,1,1,NA,NA,NA,NA,1,NA,NA,NA,NA,NA,NA,NA,NA,NA,NA,NA,NA,NA,NA,NA,NA,NA,0,NA,NA,NA,NA,NA,NA
162802,2011-05-17 06:08:07,2011-05-17 08:39:22,0,1,100,1,1,1,NA,NA,1,1,1,0,1,0,0,1,1,1,1,0,2,2,1,1,2,1,1,2,1,1,1,1,0,1
1210084,2011-05-16 13:55:40,2011-05-16 14:30:18,0,1,100,1,1,NA,1,NA,NA,NA,NA,2,0,2,0,2,2,2,2,2,2,2,2,2,2,2,2,2,2,2,0,2,0,0
115177,2011-05-16 18:09:30,2011-05-16 18:19:17,0,1,100,1,1,1,NA,NA,NA,1,1,0,0,0,0,1,1,0,2,0,1,1,0,2,2,1,0,1,1,0,0,1,0,1
1256768,2011-05-16 14:06:48,2011-05-16 14:08:25,0,2,NA,NA,NA,NA,NA,NA,NA,NA,NA,NA,NA,NA,NA,NA,NA,NA,NA,NA,NA,NA,NA,NA,NA,NA,NA,NA,NA,NA,NA,NA,NA,NA
1261893,2011-05-16 17:07:38,2011-05-16 17:14:34,0,1,100,1,1,1,NA,1,NA,NA,NA,1,1,1,0,1,1,0,1,1,0,1,1,2,1,2,1,2,1,1,0,0,0,0
1250876,2011-05-16 16:09:50,2011-05-16 16:16:43,0,1,100,1,1,NA,NA,1,1,1,NA,0,1,1,0,1,1,2,0,1,1,2,2,2,0,2,0,0,2,1,0,1,0,0
85,2011-05-16 14:19:08,2011-05-16 14:24:50,0,1,100,1,1,1,NA,1,1,1,1,NA,NA,NA,0,NA,NA,NA,NA,NA,NA,NA,NA,NA,NA,NA,NA,NA,NA,NA,NA,NA,NA,NA
815710,2011-05-16 15:31:31,2011-05-16 15:40:27,0,1,100,1,1,1,NA,1,1,1,1,1,1,0,0,2,2,1,2,2,2,2,2,1,2,1,1,0,0,1,0,0,2,2
950839,2011-05-16 21:04:02,2011-05-16 21:12:21,0,1,100,1,NA,1,NA,1,1,NA,NA,2,2,2,2,2,2,2,2,2,2,2,2,2,2,2,2,0,2,2,2,2,2,2
1250436,2011-05-19 11:28:59,2011-05-19 11:34:34,0,1,2,NA,1,NA,NA,1,NA,NA,NA,NA,NA,NA,0,NA,NA,NA,NA,NA,0,NA,0,1,NA,1,NA,1,1,1,0,NA,NA,NA
676387,2011-05-16 16:15:52,2011-05-16 16:21:16,0,1,100,1,1,1,NA,1,1,NA,NA,NA,NA,NA,NA,NA,NA,NA,NA,NA,NA,NA,0,NA,NA,0,NA,NA,NA,NA,NA,NA,1,NA
1246160,2011-05-17 13:15:01,2011-05-17 13:32:49,0,1,100,1,1,1,1,1,1,1,1,1,1,1,0,NA,2,NA,NA,1,NA,NA,NA,0,NA,0,0,0,NA,0,1,1,NA,NA
1272392,2011-05-17 18:05:41,2011-05-17 18:11:53,0,1,49,1,1,NA,NA,1,1,NA,NA,1,1,1,0,2,2,2,2,2,2,2,2,2,2,1,2,0,2,2,1,1,1,2
1256852,2011-05-16 15:13:03,2011-05-16 16:01:23,0,1,85,1,1,1,1,NA,NA,NA,NA,0,2,0,0,1,2,2,1,1,0,1,2,1,1,1,1,0,2,1,2,2,1,0
501967,2011-05-16 14:23:16,2011-05-16 14:30:53,0,1,100,1,NA,NA,NA,1,1,NA,1,1,2,0,0,2,1,1,1,2,0,1,1,1,2,0,2,1,0,0,0,0,0,2
1242311,2011-05-16 13:59:55,2011-05-16 14:06:37,0,1,100,NA,1,1,NA,NA,1,NA,NA,0,1,0,0,0,1,0,1,1,2,0,1,0,2,0,1,2,1,0,0,1,0,1
833841,2011-05-16 14:00:52,2011-05-16 14:06:29,0,1,100,1,1,1,NA,NA,NA,NA,NA,NA,NA,NA,NA,NA,NA,1,1,NA,NA,NA,NA,NA,NA,NA,NA,0,NA,NA,NA,NA,1,NA
1272684,2011-05-16 17:23:59,2011-05-16 17:29:33,0,1,19,NA,1,NA,NA,NA,NA,NA,NA,2,1,1,0,2,2,1,1,2,2,1,1,2,2,0,2,2,2,0,0,0,2,1
1241209,2011-05-16 19:57:04,2011-05-16 20:04:30,0,1,100,1,1,1,NA,1,1,1,NA,2,1,0,0,1,2,2,2,1,0,0,0,0,2,0,0,1,2,0,0,2,1,1
1269198,2011-05-16 17:05:15,2011-05-16 17:09:54,0,1,100,1,1,1,NA,1,1,1,1,1,2,1,1,2,2,2,2,2,NA,NA,1,NA,NA,NA,NA,0,NA,1,NA,NA,0,NA
232385,2011-05-16 14:26:36,2011-05-16 14:53:08,0,1,100,1,1,1,1,1,1,1,1,2,2,2,0,2,2,2,2,2,2,2,0,2,2,2,2,2,0,0,0,2,0,2
1232220,2011-05-16 18:09:30,2011-05-16 18:09:38,0,2,NA,NA,NA,NA,NA,NA,NA,NA,NA,NA,NA,NA,NA,NA,NA,NA,NA,NA,NA,NA,NA,NA,NA,NA,NA,NA,NA,NA,NA,NA,NA,NA
1237096,2011-05-16 14:15:45,2011-05-16 14:23:53,0,1,61,1,1,NA,NA,1,NA,NA,NA,0,1,0,0,1,2,0,0,0,1,0,0,0,1,1,0,1,1,1,1,1,0,1
702161,2011-05-16 16:05:43,2011-05-16 16:15:19,0,1,100,NA,1,NA,NA,NA,1,NA,NA,0,2,0,0,2,2,2,2,1,2,0,0,0,2,0,0,1,1,0,0,1,0,0
1625516,2011-05-16 22:12:04,2011-05-16 22:24:03,0,1,100,NA,NA,1,NA,NA,NA,NA,NA,2,2,1,2,2,2,2,2,2,2,2,2,2,2,2,2,2,2,2,0,2,2,2
1284055,2011-05-17 07:52:01,2011-05-17 07:56:57,0,1,100,1,1,1,NA,1,NA,1,NA,NA,NA,NA,NA,NA,NA,NA,NA,NA,NA,NA,NA,NA,NA,NA,NA,NA,NA,NA,NA,NA,NA,NA
630207,2011-05-16 14:03:03,2011-05-16 14:12:10,0,1,100,1,1,1,1,1,1,1,1,2,2,2,0,1,2,1,1,1,2,1,0,0,2,0,0,2,0,1,1,2,1,2
1623959,2011-05-16 15:20:40,2011-05-16 15:27:34,0,1,100,1,NA,NA,1,1,1,NA,NA,NA,2,0,NA,NA,NA,NA,NA,NA,NA,NA,NA,NA,NA,NA,0,2,NA,0,0,NA,1,NA
1268522,2011-05-16 15:23:34,2011-05-16 15:36:55,0,1,100,NA,1,1,NA,NA,1,NA,NA,0,1,1,1,2,2,2,2,2,2,2,2,2,2,0,2,2,1,0,0,0,2,2
784972,2011-05-16 22:58:05,2011-05-16 23:06:18,0,1,95,NA,NA,1,1,1,1,1,1,1,1,2,0,2,1,1,2,2,1,0,0,0,2,1,0,1,2,0,0,2,1,2
1259630,2011-05-19 18:47:34,2011-05-19 18:58:14,0,1,90,1,1,1,1,NA,1,1,1,2,2,0,0,1,1,2,2,0,1,1,2,0,2,0,1,1,1,1,0,2,1,2
37601,2011-05-16 22:29:22,2011-05-16 22:39:30,0,1,50,1,1,NA,NA,NA,NA,NA,NA,1,2,0,0,2,2,2,1,1,2,1,0,0,1,0,1,1,2,1,0,2,1,2
1268576,2011-05-16 18:59:37,2011-05-16 19:05:20,0,1,92,1,1,NA,NA,NA,NA,NA,NA,1,1,1,0,0,0,1,0,2,0,1,0,0,1,1,2,1,1,0,0,1,0,1
1248671,2011-05-16 13:53:25,2011-05-16 14:05:04,0,1,70,1,1,1,NA,NA,NA,NA,NA,2,0,0,1,1,2,1,2,1,2,2,2,1,2,0,1,1,1,0,1,0,1,1
602606,2011-05-18 01:17:31,2011-05-18 01:24:52,0,1,100,1,1,1,NA,NA,1,NA,NA,0,1,2,1,1,2,1,0,0,0,2,2,1,2,2,1,1,2,2,2,1,1,2
806061,2011-05-16 20:00:15,2011-05-16 20:05:49,0,1,80,1,1,NA,NA,NA,1,1,1,2,2,2,2,2,2,2,2,2,2,2,2,2,2,2,2,0,2,2,2,2,2,2
687541,2011-05-18 19:33:34,2011-05-18 19:39:34,0,1,100,1,1,1,1,NA,NA,NA,NA,0,2,0,1,1,1,1,2,2,2,2,1,0,2,0,0,1,0,0,1,1,0,2
